User.Time, CPU.Time, Objval, Timeout.Reached
298.5678, 1957.4905, 10157.000000, No
302.9354, 1982.2339, 10157.000000, No
296.4022, 1941.6863, 10157.000000, No
296.8692, 1941.4965, 10157.000000, No
302.8882, 1961.9660, 10157.000000, No
