User.Time, CPU.Time, Objval, Timeout.Reached
893.4899, 6340.9281, 4226.000000, Yes
1022.4293, 7246.1930, 4226.000000, Yes
1025.8436, 7246.6919, 4226.000000, Yes
890.6262, 6340.7387, 4226.000000, Yes
893.9522, 6340.6772, 4226.000000, Yes