User.Time, CPU.Time, Objval, Timeout.Reached
1.6433, 5.4152, 1370.000000, No
1.5844, 5.3069, 1370.000000, No
1.7745, 5.9356, 1370.000000, No
1.6337, 5.5388, 1370.000000, No
1.5961, 5.4696, 1370.000000, No
