User.Time, CPU.Time, Objval, Timeout.Reached
10.2893, 51.2325, 1934727759.000000, No
10.6957, 53.4858, 1934727759.000000, No
11.1158, 54.8677, 1934727759.000000, No
10.3617, 51.8203, 1934727759.000000, No
10.5532, 52.7399, 1934727759.000000, No
