User.Time, CPU.Time, Objval, Timeout.Reached
2.1938, 7.6681, 976193967.000000, No
2.1560, 7.5682, 976193967.000000, No
2.1515, 7.5456, 976193967.000000, No
2.2218, 7.5766, 976193967.000000, No
2.1648, 7.6285, 976193967.000000, No
