User.Time, CPU.Time, Objval, Timeout.Reached
946.9059, 6043.3359, 5171.000000, No
951.9592, 6081.2607, 5171.000000, No
942.3774, 6018.7606, 5171.000000, No
954.0776, 6057.1357, 5171.000000, No
906.6810, 6096.5545, 5171.000000, No
