User.Time, CPU.Time, Objval, Timeout.Reached
0.5746, 1.3480, 1668.000000, No
0.6540, 1.7371, 1668.000000, No
0.5768, 1.3787, 1668.000000, No
0.6437, 1.4832, 1668.000000, No
0.6288, 1.4766, 1668.000000, No
