User.Time, CPU.Time, Objval, Timeout.Reached
900.3067, 6339.2736, 2196.000000, Yes
902.7529, 6340.0873, 2196.000000, Yes
901.5255, 6341.3962, 2196.000000, Yes
900.0860, 6340.0097, 2196.000000, Yes
903.2774, 6340.5392, 2196.000000, Yes
