User.Time, CPU.Time, Objval, Timeout.Reached
24.1919, 133.0078, 10591.000000, No
21.8816, 120.8699, 10591.000000, No
23.3960, 131.3007, 10591.000000, No
20.5930, 121.0041, 10591.000000, No
20.2664, 120.1003, 10591.000000, No
