User.Time, CPU.Time, Objval, Timeout.Reached
6.1597, 29.6559, 1982058796.000000, No
6.2092, 29.4429, 1982058796.000000, No
6.2166, 29.8741, 1982058796.000000, No
6.5620, 31.2336, 1982058796.000000, No
6.3559, 30.4485, 1982058796.000000, No
