User.Time, CPU.Time, Objval, Timeout.Reached
1.2004, 4.3808, 1104.000000, No
1.2193, 4.5536, 1104.000000, No
1.1840, 4.4344, 1104.000000, No
1.1235, 4.2307, 1104.000000, No
1.1638, 4.4383, 1104.000000, No
