User.Time, CPU.Time, Objval, Timeout.Reached
36.7810, 242.1696, 4611.000000, No
37.8851, 249.8048, 4611.000000, No
37.3699, 245.4041, 4611.000000, No
37.3440, 244.8799, 4611.000000, No
37.1911, 247.0941, 4611.000000, No
