User.Time, CPU.Time, Objval, Timeout.Reached
866.8646, 6344.3795, 1876631570.000000, Yes
869.2665, 6344.5290, 1876631499.000000, Yes
869.3060, 6344.1113, 1876631556.000000, Yes
869.6735, 6343.1921, 1876631570.000000, Yes
870.3774, 6344.0148, 1876631556.000000, Yes
