User.Time, CPU.Time, Objval, Timeout.Reached
992.9475, 6351.1889, 9626.000000, Yes
999.8673, 6350.8942, 9626.000000, Yes
991.8389, 6352.6985, 9626.000000, Yes
996.6022, 6351.9255, 9626.000000, Yes
995.3646, 6353.1129, 9626.000000, Yes
