User.Time, CPU.Time, Objval, Timeout.Reached
9.1278, 49.5332, 1226.000000, No
9.1085, 49.4579, 1226.000000, No
9.0589, 49.7748, 1226.000000, No
8.9886, 49.2939, 1226.000000, No
9.1035, 49.8479, 1226.000000, No
