User.Time, CPU.Time, Objval, Timeout.Reached
861.0664, 6332.2553, 4058.000000, Yes
857.7594, 6333.2250, 4058.000000, Yes
860.0741, 6333.3720, 4058.000000, Yes
856.6022, 6331.9255, 4023.000000, Yes
860.3646, 6333.1129, 4058.000000, Yes
