User.Time, CPU.Time, Objval, Timeout.Reached
872.5903, 6350.7853, 4144.000000, Yes
871.7036, 6349.5372, 4144.000000, Yes
871.7871, 6350.3913, 4144.000000, Yes
872.4333, 6350.0915, 4144.000000, Yes
872.4096, 6349.0199, 4144.000000, Yes
