User.Time, CPU.Time, Objval, Timeout.Reached
984.8868, 6381.2864, 10052.000000, Yes
987.7470, 6377.0717, 10052.000000, Yes
985.4096, 6375.0199, 10052.000000, Yes
987.6261, 6379.0970, 10052.000000, Yes
984.4333, 6380.0915, 10052.000000, Yes
