User.Time, CPU.Time, Objval, Timeout.Reached
25.0061, 145.3053, 1911347627.000000, No
24.0129, 140.6713, 1911347627.000000, No
24.2011, 141.4000, 1911347627.000000, No
24.6039, 143.3021, 1911347627.000000, No
25.1750, 145.7634, 1911347627.000000, No
