User.Time, CPU.Time, Objval, Timeout.Reached
0.9948, 3.2931, 1512.000000, No
1.0222, 3.4107, 1512.000000, No
1.1489, 3.6384, 1512.000000, No
1.1245, 3.6349, 1512.000000, No
1.0302, 3.4446, 1512.000000, No
