User.Time, CPU.Time, Objval, Timeout.Reached
956.7968, 6355.5518, 10710.000000, Yes
886.4502, 6353.3888, 10680.000000, Yes
889.8746, 6347.9828, 14357.000000, Yes
886.2134, 6347.2465, 14750.000000, Yes
898.1918, 6352.2198, 14566.000000, Yes
