User.Time, CPU.Time, Objval, Timeout.Reached
113.9594, 737.4359, 2050.000000, No
117.6583, 757.2577, 2050.000000, No
116.1172, 751.6325, 2050.000000, No
115.8841, 751.4439, 2050.000000, No
115.2024, 743.2795, 2050.000000, No
