User.Time, CPU.Time, Objval, Timeout.Reached
890.3635, 6363.3052, 2928580171.000000, Yes
833.5126, 5976.9179, 1952387753.000000, No
893.3808, 6363.9576, 2928580183.000000, Yes
871.7952, 6262.9906, 1952387753.000000, No
868.4102, 6228.5416, 1952387883.000000, No
