User.Time, CPU.Time, Objval, Timeout.Reached
116.9047, 749.0342, 2050.000000, No
114.6848, 735.1420, 2050.000000, No
116.2782, 753.6634, 2050.000000, No
115.6980, 752.7056, 2050.000000, No
119.4283, 766.5457, 2050.000000, No
