User.Time, CPU.Time, Objval, Timeout.Reached
899.3495, 6339.6786, 5936.000000, Yes
903.9781, 6342.8362, 5936.000000, Yes
902.8413, 6339.4261, 5937.000000, Yes
901.0234, 6341.3739, 5936.000000, Yes
903.1072, 6339.9331, 5936.000000, Yes
