User.Time, CPU.Time, Objval, Timeout.Reached
57.0498, 357.1484, 1653.000000, No
58.8993, 371.0831, 1653.000000, No
56.1998, 353.0274, 1653.000000, No
55.8131, 349.9561, 1653.000000, No
56.0494, 351.1309, 1653.000000, No
