User.Time, CPU.Time, Objval, Timeout.Reached
959.2640, 6363.7995, 15825.000000, Yes
883.3451, 6358.0643, 19888.000000, Yes
889.2502, 6356.5970, 19888.000000, Yes
883.3994, 6359.3870, 19742.000000, Yes
879.9328, 6351.8485, 19888.000000, Yes
