User.Time, CPU.Time, Objval, Timeout.Reached
58.8834, 371.5713, 1653.000000, No
60.6704, 380.3657, 1653.000000, No
60.6865, 381.6688, 1653.000000, No
60.3741, 376.6129, 1653.000000, No
60.9023, 382.7565, 1653.000000, No
