User.Time, CPU.Time, Objval, Timeout.Reached
878.2611, 6369.1257, 3940307643.000000, Yes
878.2781, 6366.6260, 3940307617.000000, Yes
884.0259, 6364.0854, 3940307615.000000, Yes
881.5750, 6368.2187, 3940307617.000000, Yes
880.3615, 6366.4933, 3940307617.000000, Yes
