User.Time, CPU.Time, Objval, Timeout.Reached
892.5106, 6353.2127, 7935.000000, Yes
890.4997, 6349.3270, 7935.000000, Yes
888.5638, 6354.5398, 8010.000000, Yes
886.0645, 6355.1241, 8133.000000, Yes
886.5225, 6351.7729, 8228.000000, Yes
