User.Time, CPU.Time, Objval, Timeout.Reached
879.8738, 6356.2906, 2000004416.000000, Yes
892.9401, 6358.0625, 2000004322.000000, Yes
877.7738, 6358.3712, 2000004384.000000, Yes
877.4596, 6353.9535, 2000004413.000000, Yes
879.1971, 6360.2708, 2000004384.000000, Yes
