User.Time, CPU.Time, Objval, Timeout.Reached
909.8559, 6324.8575, 4379.000000, Yes
911.7336, 6324.2717, 4404.000000, Yes
927.5141, 6326.4752, 4404.000000, Yes
916.0649, 6326.1442, 4404.000000, Yes
909.3749, 6324.6603, 4404.000000, Yes
