User.Time, CPU.Time, Objval, Timeout.Reached
523.3493, 3890.0313, 1944.000000, No
535.4348, 3976.0678, 1944.000000, No
532.5069, 3949.9955, 1944.000000, No
530.9148, 3950.4142, 1944.000000, No
516.7232, 3855.2181, 1944.000000, No
