User.Time, CPU.Time, Objval, Timeout.Reached
994.2286, 6370.7228, 10321.000000, Yes
912.1390, 6361.1308, 10311.000000, Yes
907.5601, 6362.4478, 10314.000000, Yes
905.0887, 6361.6177, 10322.000000, Yes
915.0877, 6365.1709, 10314.000000, Yes
