User.Time, CPU.Time, Objval, Timeout.Reached
539.1012, 4011.0184, 1944.000000, No
534.7032, 3966.9848, 1944.000000, No
537.7388, 3992.5674, 1944.000000, No
541.0701, 4007.0983, 1944.000000, No
538.6238, 3978.1077, 1944.000000, No
