User.Time, CPU.Time, Objval, Timeout.Reached
854.0370, 6350.5271, 1332.000000, Yes
863.6221, 6357.5449, 1332.000000, Yes
855.9425, 6357.2358, 1332.000000, Yes
856.9454, 6351.2214, 1332.000000, Yes
855.5110, 6348.4886, 1332.000000, Yes
