User.Time, CPU.Time, Objval, Timeout.Reached
859.9185, 6352.7479, 1332.000000, Yes
863.1072, 6356.7054, 1332.000000, Yes
856.4245, 6352.1623, 1332.000000, Yes
860.5671, 6350.6260, 1332.000000, Yes
858.9648, 6351.2173, 1332.000000, Yes
