User.Time, CPU.Time, Objval, Timeout.Reached
987.4279, 6359.6155, 10628.000000, Yes
916.5442, 6352.7726, 10620.000000, Yes
919.8925, 6351.4276, 10622.000000, Yes
914.6976, 6348.9482, 10615.000000, Yes
914.3934, 6350.9634, 10627.000000, Yes
