User.Time, CPU.Time, Objval, Timeout.Reached
880.4167, 6345.6926, 2006010647.000000, Yes
881.6212, 6343.5609, 2006010647.000000, Yes
883.6585, 6347.6496, 2006010647.000000, Yes
876.3745, 6346.1527, 2006010645.000000, Yes
886.5783, 6345.8373, 2006010647.000000, Yes
