User.Time, CPU.Time, Objval, Timeout.Reached
906.0703, 6343.5302, 4699.000000, Yes
905.2056, 6342.3292, 4699.000000, Yes
910.7270, 6343.8448, 4699.000000, Yes
907.4247, 6343.9936, 4699.000000, Yes
906.9757, 6343.3956, 4699.000000, Yes
