User.Time, CPU.Time, Objval, Timeout.Reached
368.3023, 2429.7187, 1754.000000, No
359.3700, 2386.2593, 1754.000000, No
360.7743, 2382.9029, 1754.000000, No
362.9757, 2405.6053, 1754.000000, No
359.1063, 2390.6677, 1754.000000, No
