User.Time, CPU.Time, Objval, Timeout.Reached
904.5779, 6360.7821, 6472.000000, Yes
895.6093, 6360.5734, 7561.000000, Yes
894.7623, 6359.6561, 7512.000000, Yes
897.8274, 6360.5872, 7494.000000, Yes
898.1085, 6361.1166, 7561.000000, Yes
