User.Time, CPU.Time, Objval, Timeout.Reached
886.4895, 6357.7744, 2946329721.000000, Yes
895.8837, 6356.7965, 2946329796.000000, Yes
889.1066, 6356.6968, 2946329802.000000, Yes
884.8006, 6356.0724, 2946329810.000000, Yes
897.8868, 6358.0374, 2946329741.000000, Yes
