User.Time, CPU.Time, Objval, Timeout.Reached
368.6013, 2435.2762, 1754.000000, No
363.0636, 2409.4031, 1754.000000, No
368.4082, 2437.3597, 1754.000000, No
373.6212, 2448.7084, 1754.000000, No
361.8850, 2404.3817, 1754.000000, No
