User.Time, CPU.Time, Objval, Timeout.Reached
967.8299, 6366.9635, 15311.000000, Yes
897.6497, 6360.6975, 15297.000000, Yes
898.8436, 6360.9729, 15283.000000, Yes
891.9009, 6361.0955, 19403.000000, Yes
889.8625, 6360.1700, 15274.000000, Yes
