User.Time, CPU.Time, Objval, Timeout.Reached
890.2838, 6382.7742, 4012020513.000000, Yes
898.2422, 6384.5871, 3009016378.000000, Yes
894.9106, 6379.5145, 3009016304.000000, Yes
897.8987, 6381.2525, 3009016378.000000, Yes
895.4762, 6380.3547, 4012020647.000000, Yes
