User.Time, CPU.Time, Objval, Timeout.Reached
NA, NA, 1133.3567, Yes
NA, NA, 1133.6346, Yes
1045.2852, 7260.6177, 2454.000000, Yes
1038.3345, 7261.0412, 2454.000000, Yes
