User.Time, CPU.Time, Objval, Timeout.Reached
1023.9099, 6343.9475, 20652.000000, Yes
952.0693, 6342.1881, 20728.000000, Yes
952.8717, 6343.4597, 20565.000000, Yes
948.0700, 6339.2844, 20728.000000, Yes
954.0289, 6342.5751, 16312.000000, Yes
