User.Time, CPU.Time, Objval, Timeout.Reached
915.0262, 6380.9120, 8857.000000, Yes
917.2549, 6379.1918, 8839.000000, Yes
912.6287, 6378.2084, 8856.000000, Yes
914.0289, 6379.5697, 8839.000000, Yes
917.1377, 6381.7193, 8734.000000, Yes
