User.Time, CPU.Time, Objval, Timeout.Reached
1045.2852, 7260.6177, 2454.000000, Yes
1038.3345, 7261.0412, 2454.000000, Yes
909.3775, 6350.1919, 2454.000000, Yes
919.4640, 6352.1662, 2454.000000, Yes
914.9027, 6349.2098, 2454.000000, Yes
