User.Time, CPU.Time, Objval, Timeout.Reached
1045.9317, 6319.7469, 10861.000000, Yes
1052.1891, 6319.6085, 11816.000000, Yes
1056.9785, 6319.8357, 11809.000000, Yes
1052.0928, 6319.6082, 11753.000000, Yes
1048.6837, 6319.8936, 11668.000000, Yes
