User.Time, CPU.Time, Objval, Timeout.Reached
988.2010, 6337.2181, 2144.000000, Yes
986.8058, 6337.5080, 2144.000000, Yes
996.9057, 6337.2591, 2144.000000, Yes
1000.6875, 6337.6874, 2144.000000, Yes
981.6813, 6339.4869, 2144.000000, Yes
