User.Time, CPU.Time, Objval, Timeout.Reached
893.9524, 6360.2489, 3001.000000, Yes
893.4297, 6357.0366, 3001.000000, Yes
892.5453, 6355.9087, 3001.000000, Yes
893.6075, 6354.3552, 3001.000000, Yes
927.3060, 6366.7571, 3001.000000, Yes
