User.Time, CPU.Time, Objval, Timeout.Reached
988.4798, 6315.7119, 20435.000000, Yes
931.3354, 6310.2329, 20596.000000, Yes
923.0601, 6309.4980, 20616.000000, Yes
928.0424, 6310.1160, 20492.000000, Yes
923.6501, 6310.0933, 20505.000000, Yes
