User.Time, CPU.Time, Objval, Timeout.Reached
1102.2491, 6338.5171, 3464652733.000000, Yes
1106.1599, 6337.0828, 3464652730.000000, Yes
1106.8530, 6339.7215, 3464652666.000000, Yes
1103.3604, 6337.3004, 3464652682.000000, Yes
1109.2703, 6336.4202, 3464652666.000000, Yes
