User.Time, CPU.Time, Objval, Timeout.Reached
935.3784, 6357.4213, 4012020390.000000, Yes
931.9638, 6355.4041, 4012020397.000000, Yes
933.6096, 6355.3864, 4012020390.000000, Yes
933.4075, 6355.7208, 4012020390.000000, Yes
934.4231, 6355.0611, 4012020397.000000, Yes
