User.Time, CPU.Time, Objval, Timeout.Reached
1121.0466, 6318.6386, 18034.000000, Yes
1126.0667, 6318.4470, 18034.000000, Yes
1116.2941, 6317.8380, 18034.000000, Yes
1128.4353, 6318.5965, 18011.000000, Yes
1116.1138, 6318.2796, 18011.000000, Yes
