User.Time, CPU.Time, Objval, Timeout.Reached
1045.8609, 6345.0257, 5649.000000, Yes
1060.7575, 6342.9692, 5625.000000, Yes
1066.7474, 6346.0984, 5649.000000, Yes
1050.8426, 6344.7881, 5649.000000, Yes
1067.9909, 6345.7666, 5625.000000, Yes
