User.Time, CPU.Time, Objval, Timeout.Reached
1061.3373, 6322.1303, 25416.000000, Yes
989.9150, 6316.9765, 25187.000000, Yes
985.9758, 6316.8701, 25416.000000, Yes
986.5586, 6317.5953, 25187.000000, Yes
981.8416, 6316.8623, 25379.000000, Yes
