User.Time, CPU.Time, Objval, Timeout.Reached
930.7147, 6339.4082, 4000008702.000000, Yes
922.3966, 6341.3378, 4000008681.000000, Yes
923.2297, 6337.5605, 4000008610.000000, Yes
925.5662, 6341.2025, 4000008666.000000, Yes
927.3038, 6339.0460, 4000008548.000000, Yes
