User.Time, CPU.Time, Objval, Timeout.Reached
904.9712, 6359.6402, 1469.000000, Yes
908.4771, 6361.0157, 1469.000000, Yes
911.6053, 6362.1719, 1469.000000, Yes
910.0136, 6360.2704, 1469.000000, Yes
904.1960, 6361.5488, 1469.000000, Yes
