User.Time, CPU.Time, Objval, Timeout.Reached
1038.9981, 6311.9370, 9078.000000, Yes
1034.3064, 6311.7711, 9110.000000, Yes
1038.5864, 6312.0692, 9078.000000, Yes
1040.0107, 6311.3575, 9078.000000, Yes
1047.5645, 6310.8708, 9078.000000, Yes
