User.Time, CPU.Time, Objval, Timeout.Reached
929.9589, 6354.3660, 11079.000000, Yes
921.0224, 6352.7783, 11038.000000, Yes
925.2365, 6352.2081, 11128.000000, Yes
924.2973, 6354.6561, 11128.000000, Yes
925.6352, 6353.2003, 12198.000000, Yes
