User.Time, CPU.Time, Objval, Timeout.Reached
925.3919, 6344.6430, 1606.000000, Yes
921.4711, 6346.6740, 1606.000000, Yes
917.4221, 6344.1020, 1606.000000, Yes
922.4103, 6346.2505, 1606.000000, Yes
923.2345, 6344.6572, 1606.000000, Yes
