User.Time, CPU.Time, Objval, Timeout.Reached
984.9783, 6357.8591, 21362.000000, Yes
905.5702, 6354.3983, 25519.000000, Yes
904.6287, 6357.1303, 25494.000000, Yes
906.7601, 6354.6876, 25494.000000, Yes
909.5737, 6350.7589, 21400.000000, Yes
