User.Time, CPU.Time, Objval, Timeout.Reached
914.0631, 6341.4154, 3857730475.000000, Yes
908.5020, 6340.0932, 3857730477.000000, Yes
910.5354, 6341.2340, 3857730477.000000, Yes
911.5186, 6339.1748, 3857730477.000000, Yes
908.8178, 6340.8199, 3857730436.000000, Yes
