User.Time, CPU.Time, Objval, Timeout.Reached
NA, NA, 2167.000000, Yes
NA, NA, 2167.000000, Yes
NA, NA, 2167.000000, Yes
1046.6428, 7027.1242, 2167.000000, Yes
1062.5030, 7027.0913, 2167.000000, Yes
