User.Time, CPU.Time, Objval, Timeout.Reached
1046.6428, 7027.1242, 2167.000000, Yes
1062.5030, 7027.0913, 2167.000000, Yes
957.3489, 6322.0581, 2180.000000, Yes
954.7410, 6321.7319, 2180.000000, Yes
960.5692, 6321.9893, 2180.000000, Yes
