User.Time, CPU.Time, Objval, Timeout.Reached
1127.0402, 6332.5249, 15742.000000, Yes
1123.1738, 6332.4787, 15900.000000, Yes
1119.9401, 6331.8297, 15900.000000, Yes
1123.5055, 6333.4566, 15742.000000, Yes
1151.4511, 6332.1629, 15900.000000, Yes
