User.Time, CPU.Time, Objval, Timeout.Reached
1038.2963, 6330.5638, 2738.000000, Yes
1036.5643, 6330.2346, 2738.000000, Yes
1037.0501, 6330.0141, 2584.000000, Yes
1037.9078, 6329.6816, 2637.000000, Yes
1038.4108, 6331.0818, 2641.000000, Yes
