User.Time, CPU.Time, Objval, Timeout.Reached
998.6768, 6325.1588, 2264.000000, Yes
999.4729, 6325.3233, 2264.000000, Yes
999.5462, 6325.3421, 2264.000000, Yes
999.0402, 6325.4930, 2264.000000, Yes
1000.1727, 6325.1576, 2264.000000, Yes
