User.Time, CPU.Time, Objval, Timeout.Reached
1088.3981, 6338.4577, 20379.000000, Yes
1082.8403, 6337.4980, 20386.000000, Yes
1086.5899, 6333.3889, 20386.000000, Yes
1086.3218, 6338.0457, 20379.000000, Yes
1086.8794, 6338.6437, 20386.000000, Yes
