User.Time, CPU.Time, Objval, Timeout.Reached
1107.3367, 7040.6666, 2265.000000, Yes
1115.3016, 7043.4115, 2265.000000, Yes
1066.8294, 7037.8687, 2265.000000, Yes
1034.6239, 7039.0011, 2265.000000, Yes
1035.4657, 7035.0556, 2265.000000, Yes
