User.Time, CPU.Time, Objval, Timeout.Reached
1069.8947, 6310.1376, 16761.000000, Yes
1070.6386, 6310.3760, 16761.000000, Yes
1076.5836, 6310.6655, 16761.000000, Yes
1086.1386, 6310.4191, 16761.000000, Yes
1072.8029, 6310.2622, 16761.000000, Yes
