User.Time, CPU.Time, Objval, Timeout.Reached
1202.1718, 7039.5705, 2832.000000, Yes
1202.3816, 7038.5249, 2789.000000, Yes
1204.3595, 7041.1660, 2789.000000, Yes
1206.3154, 7036.5657, 2832.000000, Yes
1197.8603, 7034.3376, 2789.000000, Yes
