User.Time, CPU.Time, Objval, Timeout.Reached
1347.8564, 7023.2057, 3191.000000, Yes
1347.8945, 7023.5566, 3376.000000, Yes
1357.5270, 7023.8303, 3376.000000, Yes
1349.1234, 7023.1298, 3376.000000, Yes
1346.0439, 7024.6181, 3376.000000, Yes
