User.Time, CPU.Time, Objval, Timeout.Reached
1263.8303, 7036.3659, 3455.000000, Yes
1264.0207, 7035.2076, 3453.000000, Yes
1260.9521, 7037.0721, 3490.000000, Yes
1266.3350, 7036.1629, 3455.000000, Yes
1257.5166, 7036.6438, 3453.000000, Yes
