User.Time, CPU.Time, Objval, Timeout.Reached
1640.3140, 6318.7341, 17974.000000, Yes
1685.9667, 6315.6132, 17974.000000, Yes
1651.7929, 6318.0467, 17974.000000, Yes
1694.4152, 6323.3222, 17974.000000, Yes
1605.0089, 6317.1676, 23237.000000, Yes
