User.Time, CPU.Time, Objval, Timeout.Reached
1345.8863, 7013.3640, 2701.000000, Yes
1337.6860, 7013.4745, 2701.000000, Yes
1326.0258, 7013.5287, 2701.000000, Yes
1333.8119, 7013.5610, 2701.000000, Yes
1433.3134, 7018.9435, 2730.000000, Yes
