User.Time, CPU.Time, Objval, Timeout.Reached
1193.4534, 7015.1388, 3736.000000, Yes
1183.6253, 7015.0158, 3736.000000, Yes
1203.1938, 7014.9853, 3736.000000, Yes
1186.1216, 7015.0426, 3736.000000, Yes
1296.9197, 7020.2549, 3736.000000, Yes
