User.Time, CPU.Time, Objval, Timeout.Reached
1168.9753, 7015.8011, 2994.000000, Yes
1168.8977, 7015.3729, 2994.000000, Yes
1178.9827, 7015.2003, 2994.000000, Yes
1217.1244, 7019.6740, 2994.000000, Yes
1245.2863, 7021.0869, 2994.000000, Yes
