User.Time, CPU.Time, Objval, Timeout.Reached
1.9197, 9.4485, 1024.000000, No
2.0076, 9.4330, 1024.000000, No
2.0073, 9.3882, 1024.000000, No
2.0781, 9.5687, 1024.000000, No
2.0608, 9.4616, 1024.000000, No
