User.Time, CPU.Time, Objval, Timeout.Reached
53.2674, 376.3188, 10751.000000, No
51.0851, 378.6795, 10751.000000, No
50.7793, 373.9599, 10751.000000, No
55.8733, 379.8602, 10751.000000, No
54.5797, 376.5341, 10751.000000, No
