User.Time, CPU.Time, Objval, Timeout.Reached
221.0851, 1613.6795, 4777.000000, No
220.7793, 1623.9599, 4777.000000, No
225.8733, 1657.8602, 4777.000000, No
214.5797, 1576.5341, 4777.000000, No
218.9906, 1612.1421, 4777.000000, No
