User.Time, CPU.Time, Objval, Timeout.Reached
22.5202, 142.7130, 1976100682.000000, No
22.6812, 143.3591, 1976100682.000000, No
22.6532, 143.0131, 1976100682.000000, No
23.0875, 145.3426, 1976100682.000000, No
23.3448, 142.4476, 1976100682.000000, No
