User.Time, CPU.Time, Objval, Timeout.Reached
859.6670, 6348.4173, 6428.000000, Yes
857.9490, 6346.3769, 6428.000000, Yes
860.1933, 6345.9965, 6428.000000, Yes
860.7969, 6346.0070, 6428.000000, Yes
858.6624, 6346.8890, 6428.000000, Yes
