User.Time, CPU.Time, Objval, Timeout.Reached
4.3675, 22.6865, 608.000000, No
4.3897, 21.5013, 608.000000, No
4.4737, 21.7800, 608.000000, No
4.4864, 21.8040, 608.000000, No
4.4393, 21.5562, 608.000000, No
