User.Time, CPU.Time, Objval, Timeout.Reached
60.1841, 421.6965, 2946329948.000000, No
65.5692, 457.1060, 2946329948.000000, No
64.6210, 453.1708, 2946329948.000000, No
64.7592, 457.2737, 2946329948.000000, No
64.9465, 456.8693, 2946329948.000000, No
