User.Time, CPU.Time, Objval, Timeout.Reached
964.8324, 6352.7902, 15371.000000, Yes
957.9490, 6353.3769, 15371.000000, Yes
960.1933, 6355.9965, 15371.000000, Yes
960.7969, 6356.0070, 15371.000000, Yes
958.6624, 6355.8890, 15371.000000, Yes