User.Time, CPU.Time, Objval, Timeout.Reached
204.0512, 1344.9518, 15522.000000, No
178.4092, 1312.2086, 15522.000000, No
178.2829, 1309.5765, 15522.000000, No
178.3389, 1307.7593, 15522.000000, No
177.2737, 1304.7124, 15522.000000, No
