User.Time, CPU.Time, Objval, Timeout.Reached
29.8036, 211.1501, 2902091649.000000, No
30.8023, 218.9435, 2902091649.000000, No
29.9001, 212.8000, 2902091649.000000, No
32.6464, 232.6812, 2902091649.000000, No
29.9607, 211.8089, 2902091649.000000, No
