User.Time, CPU.Time, Objval, Timeout.Reached
1.1974, 5.0261, 900.000000, No
1.3029, 5.1445, 900.000000, No
1.2227, 5.0866, 900.000000, No
1.2472, 5.0382, 900.000000, No
1.2577, 4.9269, 900.000000, No
