User.Time, CPU.Time, Objval, Timeout.Reached
885.5052, 6350.8313, 6624.000000, Yes
885.2573, 6350.7499, 6624.000000, Yes
880.0694, 6349.0089, 6624.000000, Yes
887.7988, 6348.6590, 6624.000000, Yes
885.7860, 6349.4711, 6624.000000, Yes
