User.Time, CPU.Time, Objval, Timeout.Reached
0.2984, 0.6259, 1387.000000, No
0.3357, 0.6879, 1387.000000, No
0.3235, 0.6544, 1387.000000, No
0.3215, 0.6658, 1387.000000, No
0.3085, 0.6413, 1387.000000, No