User.Time, CPU.Time, Objval, Timeout.Reached
927.0603, 6349.1548, 2093.000000, Yes
932.9000, 6347.4238, 2093.000000, Yes
933.9691, 6348.7897, 2093.000000, Yes
930.8655, 6347.4935, 2093.000000, Yes
932.0501, 6347.3659, 2093.000000, Yes
