User.Time, CPU.Time, Objval, Timeout.Reached
0.4582, 0.8952, 949864441.000000, No
0.4487, 0.8899, 949864441.000000, No
0.4605, 0.9027, 949864441.000000, No
0.4754, 0.9062, 949864441.000000, No
0.4565, 0.8932, 949864441.000000, No
