User.Time, CPU.Time, Objval, Timeout.Reached
5.0699, 28.4283, 1044.000000, No
5.3310, 27.8475, 1044.000000, No
5.2471, 27.4818, 1044.000000, No
5.2528, 27.2949, 1044.000000, No
5.2336, 27.5510, 1044.000000, No
