User.Time, CPU.Time, Objval, Timeout.Reached
880.1423, 6339.2357, 4103.000000, Yes
873.2746, 6339.3406, 4103.000000, Yes
880.8388, 6339.7679, 4103.000000, Yes
884.4096, 6339.9180, 4103.000000, Yes
881.4157, 6338.6689, 4103.000000, Yes
