User.Time, CPU.Time, Objval, Timeout.Reached
141.1331, 1017.5688, 1888156522.000000, No
148.1770, 1078.4198, 1888156522.000000, No
149.2513, 1083.1723, 1888156522.000000, No
148.4531, 1073.8443, 1888156522.000000, No
145.6606, 1055.2940, 1888156522.000000, No
