User.Time, CPU.Time, Objval, Timeout.Reached
911.2463, 6355.3527, 9987.000000, Yes
914.3648, 6355.0785, 9987.000000, Yes
913.6559, 6357.6691, 9998.000000, Yes
915.5833, 6355.3592, 9998.000000, Yes
919.0220, 6355.6509, 9987.000000, Yes
