User.Time, CPU.Time, Objval, Timeout.Reached
408.2647, 2971.7612, 1958297341.000000, No
408.7161, 2971.5503, 1958297341.000000, No
406.7954, 2960.7957, 1958297341.000000, No
409.7832, 2985.7805, 1958297341.000000, No
408.1669, 2976.4506, 1958297341.000000, No
