User.Time, CPU.Time, Objval, Timeout.Reached
39.5965, 269.3954, 2021.000000, No
41.6882, 284.8431, 2021.000000, No
41.3577, 282.1239, 2021.000000, No
38.4968, 261.8414, 2021.000000, No
39.3197, 266.5031, 2021.000000, No
