User.Time, CPU.Time, Objval, Timeout.Reached
893.1396, 6361.4863, 3951.000000, Yes
886.0148, 6362.6888, 4054.000000, Yes
891.0520, 6363.8160, 4174.000000, Yes
891.6164, 6361.9411, 4195.000000, Yes
891.3545, 6362.5271, 4157.000000, Yes
