User.Time, CPU.Time, Objval, Timeout.Reached
954.3088, 6360.3660, 9926.000000, Yes
866.0557, 6355.0490, 9929.000000, Yes
860.9242, 6353.7849, 9929.000000, Yes
863.9812, 6352.6114, 9928.000000, Yes
863.1567, 6354.9581, 9929.000000, Yes
