User.Time, CPU.Time, Objval, Timeout.Reached
35.5077, 228.4994, 1429.000000, No
35.2567, 226.9885, 1429.000000, No
35.4049, 227.7624, 1429.000000, No
35.4911, 227.9001, 1429.000000, No
35.2381, 226.3473, 1429.000000, No
