User.Time, CPU.Time, Objval, Timeout.Reached
955.4304, 6364.5902, 10219.000000, Yes
866.4540, 6357.9206, 10218.000000, Yes
866.9825, 6358.4387, 10219.000000, Yes
867.1007, 6359.1751, 10219.000000, Yes
865.4071, 6356.9687, 10219.000000, Yes
