User.Time, CPU.Time, Objval, Timeout.Reached
874.6566, 6347.8653, 5231.000000, Yes
880.9650, 6347.5474, 5231.000000, Yes
877.1768, 6346.4759, 5231.000000, Yes
876.0066, 6346.3215, 4595.000000, Yes
878.7134, 6347.9727, 5231.000000, Yes
