User.Time, CPU.Time, Objval, Timeout.Reached
92.9162, 641.8779, 1736505997.000000, No
93.7069, 643.7497, 1736505997.000000, No
93.0852, 637.4379, 1736505997.000000, No
92.2640, 632.6516, 1736505997.000000, No
93.0039, 641.1436, 1736505997.000000, No
