User.Time, CPU.Time, Objval, Timeout.Reached
877.4712, 6344.5558, 6087.000000, Yes
872.5428, 6345.3734, 6101.000000, Yes
874.0615, 6343.9565, 6101.000000, Yes
876.6275, 6344.0368, 6087.000000, Yes
879.1026, 6347.1382, 6087.000000, Yes
