User.Time, CPU.Time, Objval, Timeout.Reached
963.4700, 6337.4721, 15180.000000, Yes
881.6874, 6327.4727, 15169.000000, Yes
884.5513, 6331.5032, 15182.000000, Yes
879.4258, 6328.5054, 15170.000000, Yes
880.7931, 6331.0974, 15202.000000, Yes
