User.Time, CPU.Time, Objval, Timeout.Reached
872.6630, 6355.2908, 2991015125.000000, Yes
874.5636, 6357.1908, 2991015125.000000, Yes
878.1717, 6359.5089, 2991015125.000000, Yes
873.0197, 6360.2334, 2991015116.000000, Yes
877.1032, 6359.7299, 2991015116.000000, Yes
