User.Time, CPU.Time, Objval, Timeout.Reached
121.2051, 785.3571, 1627.000000, No
119.9919, 783.2749, 1627.000000, No
120.5844, 794.0706, 1627.000000, No
123.1083, 812.8467, 1627.000000, No
120.4644, 778.5027, 1627.000000, No
