User.Time, CPU.Time, Objval, Timeout.Reached
946.8369, 6361.1132, 14461.000000, Yes
859.9778, 6354.2081, 14461.000000, Yes
861.3424, 6354.4779, 14461.000000, Yes
862.4931, 6354.1731, 14461.000000, Yes
864.5371, 6353.4932, 14461.000000, Yes
