User.Time, CPU.Time, Objval, Timeout.Reached
911.0242, 6329.1472, 5558.000000, Yes
911.3001, 6327.4108, 5558.000000, Yes
912.4527, 6329.0468, 5558.000000, Yes
912.7585, 6330.0281, 5558.000000, Yes
910.3626, 6329.3768, 5558.000000, Yes
