User.Time, CPU.Time, Objval, Timeout.Reached
484.2845, 3508.7196, 2964149403.000000, No
475.0255, 3446.9030, 2964149403.000000, No
467.0474, 3397.8315, 2964149403.000000, No
468.9971, 3414.2770, 2964149403.000000, No
479.7996, 3478.2852, 2964149403.000000, No
