User.Time, CPU.Time, Objval, Timeout.Reached
4.2447, 20.4956, 1096.000000, No
4.1613, 20.1934, 1096.000000, No
4.2263, 20.4093, 1096.000000, No
4.2729, 20.4379, 1096.000000, No
4.2131, 20.2971, 1096.000000, No
