User.Time, CPU.Time, Objval, Timeout.Reached
233.1130, 1634.4146, 2937445874.000000, No
231.4220, 1622.9829, 2937445874.000000, No
232.0571, 1625.9877, 2937445874.000000, No
234.3962, 1643.4205, 2937445874.000000, No
233.1432, 1631.4963, 2937445874.000000, No
