User.Time, CPU.Time, Objval, Timeout.Reached
892.4702, 6319.3927, 5953.000000, Yes
895.8916, 6320.1745, 5953.000000, Yes
899.3926, 6320.4098, 5950.000000, Yes
886.3008, 6319.8797, 5953.000000, Yes
892.0967, 6320.4293, 5953.000000, Yes
