User.Time, CPU.Time, Objval, Timeout.Reached
769.0982, 5822.1954, 1395.000000, No
766.5391, 5816.8878, 1395.000000, No
825.5041, 6168.4014, 1395.000000, No
797.5939, 5962.8878, 1395.000000, No
769.9179, 5828.1414, 1395.000000, No
