User.Time, CPU.Time, Objval, Timeout.Reached
958.7751, 6360.7633, 14678.000000, Yes
880.1139, 6353.3153, 14684.000000, Yes
876.1481, 6351.8769, 14707.000000, Yes
875.6897, 6350.4288, 14684.000000, Yes
873.3186, 6352.0693, 14678.000000, Yes
