User.Time, CPU.Time, Objval, Timeout.Reached
897.9148, 6378.4051, 12373.000000, Yes
893.4939, 6377.1348, 12313.000000, Yes
896.5339, 6377.1736, 12258.000000, Yes
896.8672, 6376.8233, 12261.000000, Yes
909.7338, 6382.0104, 12261.000000, Yes
