User.Time, CPU.Time, Objval, Timeout.Reached
974.5473, 6392.1378, 29884.000000, Yes
882.4627, 6381.7069, 29844.000000, Yes
882.5795, 6384.6247, 29884.000000, Yes
882.1770, 6380.7123, 29884.000000, Yes
882.7170, 6383.4769, 29850.000000, Yes
