User.Time, CPU.Time, Objval, Timeout.Reached
150.7590, 1012.7521, 5544075183.000000, No
145.2911, 981.5812, 5544075183.000000, No
143.4280, 978.5412, 5544075183.000000, No
147.2764, 996.6769, 5544075183.000000, No
144.4601, 975.8550, 5544075183.000000, No
