User.Time, CPU.Time, Objval, Timeout.Reached
902.9516, 5939.0744, 2086.000000, No
925.6667, 6064.0130, 2086.000000, No
914.5385, 6006.6277, 2086.000000, No
927.1112, 6066.3095, 2086.000000, No
916.1257, 5990.4552, 2086.000000, No

