User.Time, CPU.Time, Objval, Timeout.Reached
880.9196, 6352.0262, 11978.000000, Yes
880.5671, 6353.0606, 11935.000000, Yes
895.6863, 6354.3656, 11978.000000, Yes
882.2317, 6353.6492, 11935.000000, Yes
885.6325, 6353.0861, 11979.000000, Yes
