User.Time, CPU.Time, Objval, Timeout.Reached
959.6758, 6359.9772, 29803.000000, Yes
886.6257, 6355.2371, 29803.000000, Yes
886.9070, 6354.3018, 29803.000000, Yes
896.3148, 6356.1085, 29803.000000, Yes
883.2348, 6354.2553, 29803.000000, Yes
