User.Time, CPU.Time, Objval, Timeout.Reached
860.9527, 6365.5862, 4940250337.000000, Yes
861.4540, 6366.7629, 4940250354.000000, Yes
856.4399, 6364.7887, 5928299444.000000, Yes
866.1034, 6364.0095, 5928299473.000000, Yes
859.7091, 6363.7372, 4940250347.000000, Yes
