User.Time, CPU.Time, Objval, Timeout.Reached
865.5115, 6343.6161, 1713.000000, Yes
865.5026, 6342.6248, 1713.000000, Yes
865.3061, 6342.6647, 1713.000000, Yes
868.9686, 6342.8427, 1713.000000, Yes
864.3103, 6342.3877, 1739.000000, Yes
