User.Time, CPU.Time, Objval, Timeout.Reached
881.9448, 6346.8152, 1584.000000, Yes
874.9647, 6345.2833, 1554.000000, Yes
879.4565, 6344.5693, 1554.000000, Yes
876.6767, 6344.0961, 1669.000000, Yes
877.9528, 6345.0499, 1669.000000, Yes
