User.Time, CPU.Time, Objval, Timeout.Reached
877.0893, 6376.0467, 5509991554.000000, Yes
877.6692, 6376.3278, 5509991554.000000, Yes
875.8354, 6376.9442, 5509991554.000000, Yes
875.3208, 6377.1131, 5509991554.000000, Yes
874.6246, 6376.7842, 5509991554.000000, Yes
