User.Time, CPU.Time, Objval, Timeout.Reached
961.8302, 6360.6250, 28884.000000, Yes
887.0513, 6352.0346, 28858.000000, Yes
890.4977, 6355.2812, 28895.000000, Yes
886.3429, 6351.2501, 28858.000000, Yes
886.3437, 6351.2373, 28895.000000, Yes
