User.Time, CPU.Time, Objval, Timeout.Reached
885.2455, 6369.7509, 11558.000000, Yes
886.1213, 6367.6565, 11335.000000, Yes
889.0200, 6365.7158, 11500.000000, Yes
888.1049, 6371.3486, 11228.000000, Yes
888.4324, 6368.8307, 11573.000000, Yes
