User.Time, CPU.Time, Objval, Timeout.Reached
244.1865, 1666.8653, 3519.000000, No
244.0764, 1675.6233, 3519.000000, No
247.6956, 1690.1402, 3519.000000, No
250.6404, 1710.1368, 3519.000000, No
241.0200, 1652.8885, 3519.000000, No
