User.Time, CPU.Time, Objval, Timeout.Reached
963.7674, 6343.0620, 6241.000000, Yes
961.0536, 6344.0237, 6241.000000, Yes
974.5416, 6346.7660, 6247.000000, Yes
955.8126, 6344.0005, 6241.000000, Yes
972.6009, 6344.8588, 6250.000000, Yes
