User.Time, CPU.Time, Objval, Timeout.Reached
907.4651, 6357.5067, 2964150272.000000, Yes
907.1207, 6355.6156, 2964150272.000000, Yes
908.2044, 6355.7650, 2964150247.000000, Yes
906.7723, 6358.6187, 2964150070.000000, Yes
909.3267, 6354.9454, 2964150070.000000, Yes
