User.Time, CPU.Time, Objval, Timeout.Reached
912.6238, 6361.8564, 2558.000000, Yes
908.0554, 6359.9011, 2558.000000, Yes
903.5451, 6358.8959, 2558.000000, Yes
904.9826, 6359.6142, 2558.000000, Yes
907.7751, 6358.1851, 2558.000000, Yes
