User.Time, CPU.Time, Objval, Timeout.Reached
922.1282, 6331.3024, 8836.000000, Yes
920.1933, 6329.3284, 8836.000000, Yes
915.4815, 6328.7592, 8857.000000, Yes
919.3320, 6327.9496, 8837.000000, Yes
925.0827, 6327.1735, 8836.000000, Yes
