User.Time, CPU.Time, Objval, Timeout.Reached
880.5546, 6365.3225, 3892977850.000000, Yes
881.6014, 6366.4384, 3892977858.000000, Yes
883.0954, 6364.9665, 3892977847.000000, Yes
882.0237, 6364.1640, 3892977847.000000, Yes
885.0888, 6365.1759, 3892977868.000000, Yes
