User.Time, CPU.Time, Objval, Timeout.Reached
964.3170, 6357.1174, 20763.000000, Yes
896.4871, 6352.3725, 20757.000000, Yes
896.0972, 6349.9311, 20757.000000, Yes
898.1084, 6353.2207, 20757.000000, Yes
894.5898, 6349.2219, 20757.000000, Yes
