User.Time, CPU.Time, Objval, Timeout.Reached
1027.3736, 6325.7776, 2970.000000, Yes
888.8043, 6324.7323, 2970.000000, Yes
889.4586, 6323.5201, 2970.000000, Yes
890.7718, 6324.8796, 3017.000000, Yes
887.8771, 6324.6415, 2970.000000, Yes
