User.Time, CPU.Time, Objval, Timeout.Reached
1620.3307, 6344.8779, 3326.000000, Yes
1070.5053, 6345.8943, 3326.000000, Yes
1062.1284, 6342.6897, 3326.000000, Yes
1059.8748, 6342.7725, 3326.000000, Yes
1060.8327, 6345.2932, 3326.000000, Yes
