User.Time, CPU.Time, Objval, Timeout.Reached
918.9136, 6357.1946, 2445.000000, Yes
915.5446, 6353.7504, 2445.000000, Yes
910.1997, 6355.0076, 2445.000000, Yes
918.3738, 6354.8466, 2445.000000, Yes
915.1148, 6358.0389, 2445.000000, Yes
