User.Time, CPU.Time, Objval, Timeout.Reached
939.7425, 6340.4030, 2756.000000, Yes
939.1168, 6338.2418, 3019.000000, Yes
955.2582, 6340.9835, 2818.000000, Yes
944.9674, 6341.9393, 3019.000000, Yes
939.5122, 6338.8227, 3019.000000, Yes
