User.Time, CPU.Time, Objval, Timeout.Reached
1059.8776, 6336.8179, 2814.000000, Yes
1044.4750, 6334.3115, 2814.000000, Yes
1069.4999, 6336.1024, 2814.000000, Yes
1188.1395, 6346.1679, 2814.000000, Yes
1177.0781, 6349.2996, 2814.000000, Yes
