User.Time, CPU.Time, Objval, Timeout.Reached
1517.7713, 6325.1151, 11528.000000, Yes
1511.8494, 6325.6737, 11591.000000, Yes
1514.0663, 6326.2026, 11621.000000, Yes
1515.1382, 6324.6024, 11591.000000, Yes
1511.9213, 6324.7810, 11528.000000, Yes
