User.Time, CPU.Time, Objval, Timeout.Reached
1054.3447, 6329.9782, 3763.000000, Yes
1150.1857, 6339.3396, 3763.000000, Yes
1152.3424, 6340.5076, 3332.000000, Yes
1148.0684, 6334.5971, 2994.000000, Yes
1150.2591, 6341.2076, 3332.000000, Yes
