User.Time, CPU.Time, Objval, Timeout.Reached
1286.8645, 6311.5923, 17445.000000, Yes
1284.9530, 6310.9688, 17445.000000, Yes
1290.6952, 6311.2287, 17445.000000, Yes
1274.6552, 6311.2805, 17445.000000, Yes
1298.9809, 6309.7514, 17445.000000, Yes
