User.Time, CPU.Time, Objval, Timeout.Reached
1144.8506, 6330.7776, 2524.000000, Yes
1227.7672, 6335.8537, 2524.000000, Yes
1222.6489, 6336.1624, 2524.000000, Yes
1228.9251, 6337.4815, 2524.000000, Yes
1236.3491, 6337.0155, 2524.000000, Yes
