User.Time, CPU.Time, Objval, Timeout.Reached
1003.1912, 6327.1256, 4213.000000, Yes
1080.7049, 6332.7139, 4213.000000, Yes
1089.8077, 6335.1550, 4213.000000, Yes
1080.3407, 6332.4386, 4213.000000, Yes
1086.4719, 6333.1242, 4213.000000, Yes
