User.Time, CPU.Time, Objval, Timeout.Reached
1118.2186, 6321.7662, 3091.000000, Yes
1193.3242, 6331.4195, 3091.000000, Yes
1187.8136, 6332.9053, 3091.000000, Yes
1233.1371, 6325.4176, 3091.000000, Yes
1198.5606, 6331.4529, 3091.000000, Yes
