User.Time, CPU.Time, Objval, Timeout.Reached
964.1441, 6329.8660, 3271.000000, Yes
1046.9181, 6335.2291, 3271.000000, Yes
1041.2373, 6338.2301, 3271.000000, Yes
1044.4566, 6335.7104, 3271.000000, Yes
1042.3281, 6337.7587, 3271.000000, Yes
