User.Time, CPU.Time, Objval, Timeout.Reached
1.5752, 7.7765, 751.000000, No
1.5614, 7.8123, 751.000000, No
1.5457, 7.8567, 751.000000, No
1.5478, 7.7904, 751.000000, No
1.5180, 7.6121, 751.000000, No
