User.Time, CPU.Time, Objval, Timeout.Reached
10.0202, 61.6915, 1775011456.000000, No
9.7833, 60.1786, 1775011456.000000, No
9.9611, 60.6170, 1775011456.000000, No
9.7476, 60.2460, 1775011456.000000, No
10.0500, 61.3318, 1775011456.000000, No
