User.Time, CPU.Time, Objval, Timeout.Reached
479.8721, 3582.3143, 4016.000000, No
480.9952, 3581.5508, 4016.000000, No
464.1161, 3463.9054, 4016.000000, No
480.1027, 3582.7593, 4016.000000, No
1.5013, 8.1233, 751.000000, No
