User.Time, CPU.Time, Objval, Timeout.Reached
520.5480, 3488.0725, 9780.000000, No
452.2317, 3436.6823, 9780.000000, No
450.5699, 3426.0461, 9780.000000, No
448.6679, 3407.5693, 9780.000000, No
460.7612, 3468.4325, 9780.000000, No
