User.Time, CPU.Time, Objval, Timeout.Reached
5.8587, 30.3364, 2928580477.000000, No
5.8160, 30.5414, 2928580477.000000, No
5.8662, 30.6573, 2928580477.000000, No
5.7364, 30.2268, 2928580477.000000, No
5.7501, 30.1008, 2928580477.000000, No
