User.Time, CPU.Time, Objval, Timeout.Reached
1.4163, 7.6362, 405.000000, No
1.4701, 7.4084, 405.000000, No
1.4417, 7.1855, 405.000000, No
1.4690, 7.3870, 405.000000, No
1.4861, 7.4435, 405.000000, No1.3898, 7.5142, 405.000000, No
