User.Time, CPU.Time, Objval, Timeout.Reached
39.3797, 282.4322, 5985.000000, No
37.3359, 268.3677, 5985.000000, No
42.7487, 268.7328, 5985.000000, No
46.7142, 298.7806, 5985.000000, No
46.2697, 297.6247, 5985.000000, No
