User.Time, CPU.Time, Objval, Timeout.Reached
52.7540, 337.0737, 14910.000000, No
57.3359, 338.3677, 14910.000000, No
52.7487, 338.7328, 14910.000000, No
54.7142, 339.7806, 14910.000000, No
56.2697, 337.6247, 14910.000000, No
