User.Time, CPU.Time, Objval, Timeout.Reached
0.6141, 2.1193, 2097.000000, No
0.6137, 2.0718, 2097.000000, No
0.6013, 2.0948, 2097.000000, No
0.6161, 2.1039, 2097.000000, No
0.5884, 2.0389, 2097.000000, No
