User.Time, CPU.Time, Objval, Timeout.Reached
972.6111, 6369.2949, 5242.000000, Yes
966.5003, 6357.1492, 5242.000000, Yes
910.2638, 6371.2797, 5242.000000, Yes
905.4936, 6368.8836, 5242.000000, Yes
907.9473, 6372.1839, 5242.000000, Yes
