User.Time, CPU.Time, Objval, Timeout.Reached
1015.1951, 6358.3034, 2260.000000, Yes
1016.6330, 6357.8983, 2260.000000, Yes
966.5003, 6357.1492, 2260.000000, Yes
914.2662, 6352.3442, 2260.000000, Yes
912.0834, 6352.3329, 2260.000000, Yes
