User.Time, CPU.Time, Objval, Timeout.Reached
1.1246, 2.3043, 979149221.000000, No
1.0743, 2.1088, 979149221.000000, No
1.2093, 2.4271, 979149221.000000, No
1.1718, 2.3745, 979149221.000000, No
1.1888, 2.3872, 979149221.000000, No
