User.Time, CPU.Time, Objval, Timeout.Reached
0.6257, 2.2227, 1336091284.744000, No
0.6887, 2.4004, 1336091284.744000, No
0.6508, 2.3800, 1336091284.744000, No
0.6966, 2.4095, 1336091284.744000, No
0.6318, 2.1766, 1336091284.744000, No
