User.Time, CPU.Time, Objval, Timeout.Reached
853.0609, 6346.4600, 5850.200000, Yes
852.4538, 6344.0698, 5850.200000, Yes
852.4235, 6347.4481, 5850.200000, Yes
853.2963, 6348.0050, 5850.200000, Yes
851.8686, 6347.3813, 5850.200000, Yes
