User.Time, CPU.Time, Objval, Timeout.Reached
0.1582, 0.3071, 1110.000000, No
0.1606, 0.3246, 1110.000000, No
0.1503, 0.2237, 1110.000000, No
0.1506, 0.2877, 1110.000000, No
0.1695, 0.3883, 1110.000000, No
