User.Time, CPU.Time, Objval, Timeout.Reached
860.4408, 6339.4765, 2547.000000, Yes
867.7606, 6339.4372, 2547.000000, Yes
867.8329, 6339.4028, 2547.000000, Yes
867.3732, 6339.6176, 2547.000000, Yes
866.1977, 6340.9401, 2547.000000, Yes
