User.Time, CPU.Time, Objval, Timeout.Reached
0.8787, 3.8120, 1038.000000, No
0.8464, 3.7566, 1038.000000, No
0.8872, 3.8990, 1038.000000, No
0.8570, 3.7245, 1038.000000, No
0.8350, 3.7608, 1038.000000, No
