User.Time, CPU.Time, Objval, Timeout.Reached
0.7351, 3.5355, 2343695612.000000, No
0.7623, 3.5245, 2343695612.000000, No
0.7195, 3.4377, 2343695612.000000, No
0.7500, 3.5343, 2343695612.000000, No
0.7516, 3.4496, 2343695612.000000, No
