User.Time, CPU.Time, Objval, Timeout.Reached
21.0510, 149.9564, 5332.000000, No
21.3727, 152.0160, 5332.000000, No
21.5975, 154.1454, 5332.000000, No
23.9979, 155.6120, 5332.000000, No
27.2138, 175.1009, 5332.000000, No
