User.Time, CPU.Time, Objval, Timeout.Reached
10.8415, 69.6887, 13618.000000, No
9.5513, 61.9274, 13618.000000, No
9.5475, 62.0531, 13618.000000, No
9.6435, 62.2242, 13618.000000, No
9.6076, 62.1302, 13618.000000, No
