User.Time, CPU.Time, Objval, Timeout.Reached
849.3096, 6364.6568, 3094490063.000000, Yes
851.6681, 6365.1041, 3094490063.000000, Yes
847.1559, 6361.5172, 3094490063.000000, Yes
848.3515, 6364.4983, 3094490063.000000, Yes
847.9445, 6365.2838, 3094490063.000000, Yes
