User.Time, CPU.Time, Objval, Timeout.Reached
973.1122, 6359.8388, 18551.000000, Yes
871.3332, 6352.7431, 18551.000000, Yes
869.5839, 6356.0770, 18551.000000, Yes
872.6175, 6354.7334, 18551.000000, Yes
871.5888, 6354.7157, 18551.000000, Yes
