User.Time, CPU.Time, Objval, Timeout.Reached
11.1819, 57.9228, 1480.000000, No
11.2953, 58.5359, 1480.000000, No
11.3602, 59.0001, 1480.000000, No
11.5453, 59.1555, 1480.000000, No
11.4605, 58.8068, 1480.000000, No
