User.Time, CPU.Time, Objval, Timeout.Reached
867.5654, 6355.7771, 7539.000000, Yes
867.0539, 6355.6067, 7539.000000, Yes
864.4219, 6356.0406, 7539.000000, Yes
862.8641, 6355.9179, 7539.000000, Yes
869.0827, 6355.3559, 7539.000000, Yes
