User.Time, CPU.Time, Objval, Timeout.Reached
961.3837, 6342.4212, 10873.000000, Yes
868.2323, 6336.4730, 10873.000000, Yes
864.8550, 6337.0032, 10873.000000, Yes
867.8244, 6336.3096, 10873.000000, Yes
865.5940, 6335.2336, 10870.000000, Yes
