User.Time, CPU.Time, Objval, Timeout.Reached
859.3714, 6359.3539, 1523.000000, Yes
860.9409, 6365.1847, 1523.000000, Yes
860.7697, 6365.4356, 1523.000000, Yes
861.5194, 6363.0957, 1523.000000, Yes
861.3665, 6364.0648, 1523.000000, Yes
