User.Time, CPU.Time, Objval, Timeout.Reached
591.3519, 4406.3792, 1958298223.000000, No
582.5374, 4359.3270, 1958298223.000000, No
597.4017, 4446.8914, 1958298223.000000, No
580.9855, 4351.7801, 1958298223.000000, No
581.8356, 4360.5779, 1958298223.000000, No
