User.Time, CPU.Time, Objval, Timeout.Reached
864.5633, 6340.9542, 4929.000000, Yes
915.1031, 6342.8726, 4929.000000, Yes
934.0481, 6343.0944, 4920.000000, Yes
881.6652, 6342.2880, 4925.000000, Yes
864.7053, 6340.6900, 4920.000000, Yes
