User.Time, CPU.Time, Objval, Timeout.Reached
10.4507, 52.3591, 1777.000000, No
10.1950, 51.6374, 1777.000000, No
10.4810, 52.0615, 1777.000000, No
10.1610, 51.1922, 1777.000000, No
10.1523, 51.7350, 1777.000000, No
