User.Time, CPU.Time, Objval, Timeout.Reached
12.5830, 72.9444, 2832235135.000000, No
12.5066, 72.1921, 2832235135.000000, No
12.7840, 73.2057, 2832235135.000000, No
12.5780, 72.7565, 2832235135.000000, No
12.3083, 71.3664, 2832235135.000000, No
