User.Time, CPU.Time, Objval, Timeout.Reached
859.6499, 6337.2342, 6148.000000, Yes
858.8003, 6341.2542, 6148.000000, Yes
852.7366, 6342.8658, 6148.000000, Yes
855.1292, 6339.2444, 6148.000000, Yes
854.8881, 6337.6116, 6148.000000, Yes
