User.Time, CPU.Time, Objval, Timeout.Reached
206.6871, 1384.0377, 14974.000000, No
187.9719, 1396.2535, 14974.000000, No
191.0666, 1420.5160, 14974.000000, No
187.4980, 1395.4893, 14974.000000, No
192.0288, 1425.8719, 14974.000000, No
