User.Time, CPU.Time, Objval, Timeout.Reached
706.3405, 5317.4204, 6361.000000, No
710.2733, 5328.9170, 6361.000000, No
699.1150, 5261.7094, 6361.000000, No
703.4101, 5312.0307, 6361.000000, No
701.8428, 5306.4292, 6361.000000, No
