User.Time, CPU.Time, Objval, Timeout.Reached
16.9527, 92.8247, 1527.000000, No
17.5067, 96.6619, 1527.000000, No
17.2735, 96.1679, 1527.000000, No
17.1328, 93.5357, 1527.000000, No
16.8834, 93.8861, 1527.000000, No
