User.Time, CPU.Time, Objval, Timeout.Reached
295.3716, 1940.5068, 15340.000000, No
273.9668, 2001.8837, 15340.000000, No
267.6655, 1957.6660, 15340.000000, No
266.8883, 1953.5540, 15340.000000, No
266.4519, 1946.7487, 15340.000000, No
