User.Time, CPU.Time, Objval, Timeout.Reached
596.6189, 4458.4892, 2982042393.000000, No
608.1926, 4537.5325, 2982042393.000000, No
606.6307, 4533.3329, 2982042393.000000, No
609.9387, 4541.4222, 2982042393.000000, No
607.3434, 4533.1213, 2982042393.000000, No
