User.Time, CPU.Time, Objval, Timeout.Reached
593.0692, 3964.0964, 5756288378.000000, No
597.4906, 3972.2723, 5756288378.000000, No
599.2514, 3981.6820, 5756288378.000000, No
590.0867, 3943.1959, 5756288378.000000, No
599.7222, 3986.3827, 5756288378.000000, No
