User.Time, CPU.Time, Objval, Timeout.Reached
5.3679, 28.0103, 407.000000, No
5.2739, 27.6174, 407.000000, No
5.2693, 27.7099, 407.000000, No
5.2823, 27.9792, 407.000000, No
5.3437, 27.9852, 407.000000, No
