User.Time, CPU.Time, Objval, Timeout.Reached
879.6892, 6358.7711, 22569.000000, Yes
883.3294, 6356.4341, 22569.000000, Yes
881.7798, 6358.7076, 22569.000000, Yes
873.9474, 6355.9770, 22569.000000, Yes
877.9791, 6356.8376, 22569.000000, Yes
