User.Time, CPU.Time, Objval, Timeout.Reached
881.9250, 6389.9982, 9025.000000, Yes
881.8818, 6395.2748, 9025.000000, Yes
879.4053, 6390.3076, 9025.000000, Yes
884.6393, 6394.7733, 9025.000000, Yes
879.3906, 6392.3060, 9025.000000, Yes
