User.Time, CPU.Time, Objval, Timeout.Reached
897.1972, 6414.3027, 11544.000000, Yes
895.2484, 6408.1051, 10299.000000, Yes
893.7716, 6411.2284, 10536.000000, Yes
895.5720, 6408.5254, 10418.000000, Yes
893.8821, 6413.6714, 10343.000000, Yes
