User.Time, CPU.Time, Objval, Timeout.Reached
868.7171, 6364.5427, 1384.000000, Yes
863.6509, 6362.8089, 1384.000000, Yes
879.2813, 6362.0076, 1384.000000, Yes
863.7833, 6362.5075, 1384.000000, Yes
872.8417, 6361.7589, 1384.000000, Yes
