User.Time, CPU.Time, Objval, Timeout.Reached
896.2815, 6394.2524, 24246.200000, Yes
895.9080, 6394.0834, 24268.200000, Yes
891.5081, 6395.6529, 24521.200000, Yes
888.1771, 6394.8351, 24285.200000, Yes
892.3160, 6395.1213, 24521.200000, Yes
