User.Time, CPU.Time, Objval, Timeout.Reached
984.6675, 6421.5840, 7979364301.279998, Yes
984.8449, 6416.5463, 6383492269.423998, Yes
983.5934, 6421.0679, 6383492251.423998, Yes
983.9461, 6417.5041, 7979364108.279998, Yes
985.3226, 6422.1886, 7979364114.279998, Yes
