User.Time, CPU.Time, Objval, Timeout.Reached
890.6220, 6391.3104, 18055.600000, Yes
891.5043, 6391.3996, 18054.600000, Yes
887.8534, 6391.1022, 18068.600000, Yes
885.5724, 6391.4446, 18097.600000, Yes
883.5166, 6390.6472, 18054.600000, Yes
