User.Time, CPU.Time, Objval, Timeout.Reached
275.8077, 1731.2812, 1928.000000, No
270.2316, 1708.9721, 1928.000000, No
269.8203, 1706.6863, 1928.000000, No
266.6608, 1695.6513, 1928.000000, No 
270.3518, 1712.1849, 1928.000000, No
