User.Time, CPU.Time, Objval, Timeout.Reached
914.5973, 6374.2156, 8719.000000, Yes
908.1850, 6370.0029, 8719.000000, Yes
907.5793, 6373.3075, 8765.000000, Yes
907.8957, 6369.3497, 8771.000000, Yes
906.3926, 6373.8667, 8765.000000, Yes
