User.Time, CPU.Time, Objval, Timeout.Reached
965.3010, 6383.8957, 5073348161.832001, Yes
966.4177, 6380.8044, 5073348146.832001, Yes
966.6335, 6385.8687, 5073348093.832001, Yes
967.3985, 6381.8117, 5073348093.832001, Yes
964.0887, 6385.5906, 5073348161.832001, Yes
