User.Time, CPU.Time, Objval, Timeout.Reached
944.4643, 6344.2506, 4555494946.352000, Yes
943.3428, 6345.6180, 4555494852.352000, Yes
944.3976, 6345.2171, 4555494946.352000, Yes
945.2072, 6345.1771, 4555494946.352000, Yes
943.4939, 6346.2784, 4555494946.352000, Yes
