User.Time, CPU.Time, Objval, Timeout.Reached
911.4547, 6347.3460, 7293.000000, Yes
908.0764, 6344.9747, 7687.000000, Yes
979.1485, 6349.6775, 7293.000000, Yes
989.3583, 6352.8721, 7567.000000, Yes
988.8854, 6349.9507, 7270.000000, Yes
