User.Time, CPU.Time, Objval, Timeout.Reached
895.5621, 6369.7515, 12912.400000, Yes
897.9292, 6370.5226, 12868.400000, Yes
905.3542, 6369.7657, 17853.600000, Yes
897.2566, 6369.2354, 12793.400000, Yes
896.9721, 6370.5325, 17751.600000, Yes
