User.Time, CPU.Time, Objval, Timeout.Reached
942.4540, 6342.9402, 4555494946.352000, Yes
946.5510, 6344.2025, 4555494946.352000, Yes
953.4555, 6346.9230, 4555494949.352000, Yes
954.7761, 6345.5464, 4555494812.352000, Yes
949.6915, 6347.0033, 4555494905.352000, Yes
