User.Time, CPU.Time, Objval, Timeout.Reached
858.7851, 6359.6291, 1615.000000, Yes
858.1158, 6357.3050, 1615.000000, Yes
859.6658, 6357.5112, 1615.000000, Yes
858.5495, 6356.5478, 1615.000000, Yes
862.0046, 6357.3594, 1615.000000, Yes
