User.Time, CPU.Time, Objval, Timeout.Reached
897.9906, 6368.7136, 17853.600000, Yes
899.4384, 6369.3727, 17751.600000, Yes
895.4468, 6369.0385, 17783.600000, Yes
897.9364, 6369.1753, 17750.600000, Yes
896.5856, 6369.8516, 17751.600000, Yes
