User.Time, CPU.Time, Objval, Timeout.Reached
915.8593, 6345.9797, 7549.000000, Yes
912.5593, 6349.3431, 5909.000000, Yes
904.8065, 6348.7515, 7703.000000, Yes
905.1146, 6346.2204, 7554.000000, Yes
908.2324, 6345.8937, 7552.000000, Yes
