User.Time, CPU.Time, Objval, Timeout.Reached
856.4027, 6354.0265, 1749.000000, Yes
856.1605, 6353.2702, 1749.000000, Yes
855.4497, 6349.9601, 1749.000000, Yes
854.7653, 6355.4372, 1749.000000, Yes
856.7744, 6353.4254, 1749.000000, Yes
