User.Time, CPU.Time, Objval, Timeout.Reached
895.2703, 6346.2957, 7122.000000, Yes
889.8374, 6344.5524, 6978.000000, Yes
902.4127, 6348.2156, 7094.000000, Yes
897.5377, 6344.9397, 7072.000000, Yes
896.3227, 6346.5841, 7072.000000, Yes
