User.Time, CPU.Time, Objval, Timeout.Reached
959.9984, 6360.5352, 3331389882.728001, Yes
962.9745, 6361.1915, 3331389885.728001, Yes
963.8729, 6359.9152, 4997083398.592001, Yes
965.2280, 6361.9110, 3331389866.728001, Yes
962.0646, 6358.9209, 3331389914.728001, Yes
