User.Time, CPU.Time, Objval, Timeout.Reached
878.1405, 6336.3494, 17479.600000, Yes
878.1258, 6337.0409, 12561.400000, Yes
877.2649, 6336.6587, 12561.400000, Yes
875.5472, 6337.1259, 17437.600000, Yes
876.0373, 6337.7439, 17533.600000, Yes
