User.Time, CPU.Time, Objval, Timeout.Reached
896.3793, 6359.5672, 3964.000000, Yes
896.3855, 6359.1626, 4029.000000, Yes
901.1493, 6359.6818, 3912.000000, Yes
898.1551, 6358.6269, 3880.000000, Yes
896.0598, 6360.2521, 3919.000000, Yes
