User.Time, CPU.Time, Objval, Timeout.Reached
886.4827, 6355.9484, 9542.000000, Yes
878.0714, 6358.9280, 9485.000000, Yes
880.1914, 6356.1110, 9465.000000, Yes
882.0063, 6356.1190, 9465.000000, Yes
883.1349, 6356.3480, 9542.000000, Yes
