User.Time, CPU.Time, Objval, Timeout.Reached
862.2832, 6354.1349, 1212.000000, Yes
856.0515, 6355.0864, 1218.000000, Yes
860.6505, 6354.1518, 1195.000000, Yes
865.4771, 6354.4461, 1259.000000, Yes
865.6482, 6355.5813, 1186.000000, Yes
