User.Time, CPU.Time, Objval, Timeout.Reached
95.4567, 548.3766, 6507785764.000000, No
99.5926, 563.0895, 6507785764.000000, No
97.8684, 562.3885, 6507785764.000000, No
97.9669, 560.0186, 6507785764.000000, No
97.0782, 550.9013, 6507785764.000000, No
