User.Time, CPU.Time, Objval, Timeout.Reached
919.3958, 6344.1569, 2742.000000, Yes
892.8637, 6348.6232, 2742.000000, Yes
892.8227, 6346.4571, 2742.000000, Yes
891.3710, 6346.8265, 2742.000000, Yes
894.0635, 6343.5952, 2742.000000, Yes
