User.Time, CPU.Time, Objval, Timeout.Reached
921.4646, 6347.1768, 3586.000000, Yes
916.4553, 6346.6112, 3586.000000, Yes
919.2460, 6342.0276, 3586.000000, Yes
913.6741, 6349.9731, 3586.000000, Yes
924.6413, 6350.5519, 3586.000000, Yes
