User.Time, CPU.Time, Objval, Timeout.Reached
875.4600, 6373.9383, 2877.000000, Yes
880.1495, 6370.4687, 2982.000000, Yes
881.0505, 6381.5446, 2988.000000, Yes
880.5328, 6377.5490, 2917.000000, Yes
884.6135, 6380.8232, 2917.000000, Yes
