User.Time, CPU.Time, Objval, Timeout.Reached
890.5318, 6359.8058, 2334.000000, Yes
890.2438, 6358.6883, 2334.000000, Yes
892.5229, 6361.6458, 2334.000000, Yes
890.6651, 6359.8768, 2334.000000, Yes
891.2787, 6355.8995, 2334.000000, Yes
