User.Time, CPU.Time, Objval, Timeout.Reached
912.7052, 6357.3038, 3033.000000, Yes
927.4204, 6360.8046, 3033.000000, Yes
916.4354, 6359.7508, 3033.000000, Yes
916.2173, 6360.2741, 3033.000000, Yes
917.3804, 6359.6216, 3033.000000, Yes
