User.Time, CPU.Time, Objval, Timeout.Reached
921.0145, 6352.1072, 2981.000000, Yes
931.0712, 6358.6478, 2981.000000, Yes
921.5967, 6355.5309, 2981.000000, Yes
919.5451, 6359.7123, 2981.000000, Yes
927.1415, 6361.4650, 2981.000000, Yes
