User.Time, CPU.Time, Objval, Timeout.Reached
952.6353, 6340.5764, 2966.000000, Yes
952.6315, 6345.0434, 2884.000000, Yes
955.0364, 6340.6670, 2884.000000, Yes
954.6230, 6343.6645, 2784.000000, Yes
954.1609, 6339.7268, 2966.000000, Yes
