User.Time, CPU.Time, Objval, Timeout.Reached
1005.6899, 6374.7288, 3925.000000, Yes
1002.4715, 6370.5021, 3925.000000, Yes
1004.3712, 6365.7646, 3925.000000, Yes
1010.0094, 6373.5445, 3925.000000, Yes
1002.7260, 6371.8569, 3925.000000, Yes
