User.Time, CPU.Time, Objval, Timeout.Reached
1008.9722, 6324.0607, 3257.000000, Yes
1005.8231, 6325.1380, 3257.000000, Yes
998.8805, 6326.2955, 3257.000000, Yes
1009.8189, 6326.3458, 3257.000000, Yes
1003.2309, 6326.7717, 3409.000000, Yes
