User.Time, CPU.Time, Objval, Timeout.Reached
960.7899, 6359.7779, 3067.000000, Yes
949.7427, 6361.6353, 3067.000000, Yes
960.9063, 6359.4828, 3067.000000, Yes
947.9388, 6356.5063, 3067.000000, Yes
966.9696, 6359.3006, 3067.000000, Yes
