User.Time, CPU.Time, Objval, Timeout.Reached
0.2946, 1.4876, 20.000000, No
0.2908, 1.4834, 20.000000, No
0.3017, 1.4837, 20.000000, No
0.2908, 1.5020, 20.000000, No
0.2937, 1.4908, 20.000000, No
