User.Time, CPU.Time, Objval, Timeout.Reached
131.0775, 927.1258, 83588.000000, No
138.7824, 982.7957, 83588.000000, No
145.6678, 1031.5668, 83588.000000, No
145.5526, 1029.6127, 83588.000000, No
144.9223, 987.3456, 83588.000000, No