User.Time, CPU.Time, Objval, Timeout.Reached
0.1207, 0.5028, 318613526.770000, No
0.1287, 0.5262, 318613526.770000, No
0.1378, 0.5673, 318613526.770000, No
0.1337, 0.5326, 318613526.770000, No
0.1479, 0.6032, 318613526.770000, No
