User.Time, CPU.Time, Objval, Timeout.Reached
1.6285, 9.9223, 1538.050000, No
1.8065, 9.9871, 1538.050000, No
1.6331, 9.9327, 1538.050000, No
1.6329, 9.9004, 1538.050000, No
1.6308, 9.8819, 1538.050000, No
