User.Time, CPU.Time, Objval, Timeout.Reached
0.0364, 0.0797, 147.000000, No
0.0384, 0.0824, 147.000000, No
0.0375, 0.0914, 147.000000, No
0.0421, 0.1055, 147.000000, No
0.0405, 0.0892, 147.000000, No
