User.Time, CPU.Time
0.1722, 0.7239
0.1710, 0.7104
0.1692, 0.7267
0.1771, 0.7042
0.1757, 0.7124, No
0.2946, 1.4876, 20.000000, No
0.2908, 1.4834, 20.000000, No
0.3017, 1.4837, 20.000000, No
0.2908, 1.5020, 20.000000, No
0.2937, 1.4908, 20.000000, No
