User.Time, CPU.Time, Objval, Timeout.Reached
0.0631, 0.1685, 379.000000, No
0.0570, 0.2128, 379.000000, No
0.0573, 0.2336, 379.000000, No
0.0427, 0.1191, 379.000000, No
0.0674, 0.2861, 379.000000, No
