User.Time, CPU.Time, Objval, Timeout.Reached0.3617, 1.9618, 20.000000, No
0.3675, 1.9539, 20.000000, No
0.3650, 1.9713, 20.000000, No
0.3732, 1.9790, 20.000000, No
0.3685, 1.9829, 20.000000, No
0.3682, 1.9648, 20.000000, No
