User.Time, CPU.Time, Objval, Timeout.Reached
1.2830, 6.9549, 3586.050000, No
1.2827, 6.8284, 3586.050000, No
1.2932, 6.8742, 3586.050000, No
1.3050, 6.8457, 3586.050000, No
1.2602, 6.8593, 3586.050000, No
