User.Time, CPU.Time, Objval, Timeout.Reached
899.0374, 6345.5325, 129075.000000, Yes
898.5684, 6343.8596, 129075.000000, Yes
898.5556, 6343.6666, 129075.000000, Yes
896.0657, 6343.6566, 129075.000000, Yes
897.8599, 6344.7693, 129075.000000, Yes
