User.Time, CPU.Time, Objval, Timeout.Reached
0.8405, 3.7266, 4593.000000, No
0.8273, 3.6987, 4593.000000, No
0.8693, 3.8588, 4593.000000, No
0.8536, 3.8001, 4593.000000, No
0.8807, 3.8546, 4593.000000, No
