User.Time, CPU.Time, Objval, Timeout.Reached
0.7258, 4.6023, 882.000000, No
0.7270, 4.6044, 882.000000, No
0.7285, 4.5728, 882.000000, No
0.7290, 4.6535, 882.000000, No
0.7276, 4.6354, 882.000000, No
