User.Time, CPU.Time, Objval, Timeout.Reached
1.3126, 8.0095, 460.000000, No
1.3189, 7.9917, 460.000000, No
