User.Time, CPU.Time
0.0912, 0.2430, 386889.000000, No
0.0889, 0.2482, 386889.000000, No
0.0867, 0.2361, 386889.000000, No
0.0857, 0.2299, 386889.000000, No
0.0799, 0.2211, 386889.000000, No
