User.Time, CPU.Time, Objval, Timeout.Reached
1.3381, 8.0411, 460.000000, No
1.3321, 8.0537, 460.000000, No
1.3428, 8.0624, 460.000000, No
1.3347, 8.0438, 460.000000, No
1.3207, 8.0020, 460.000000, No
