User.Time, CPU.Time, Objval, Timeout.Reached
1.3133, 8.0360, 460.000000, No
1.3331, 8.0810, 460.000000, No
1.3422, 8.0109, 460.000000, No
1.3415, 8.1086, 460.000000, No
1.3333, 8.0662, 460.000000, No
