User.Time, CPU.Time, Objval, Timeout.Reached
0.6021, 3.0044, 1633.000000, No
0.6013, 3.0076, 1633.000000, No
0.5915, 2.9885, 1633.000000, No
0.5921, 2.9782, 1633.000000, No
0.5999, 3.0021, 1633.000000, No
