User.Time, CPU.Time, Objval, Timeout.Reached
0.1208, 0.2675, 961506674.000000, No
0.1198, 0.2452, 961506674.000000, No
0.1269, 0.2679, 961506674.000000, No
0.1243, 0.2764, 961506674.000000, No
0.1253, 0.2280, 961506674.000000, No
