User.Time, CPU.Time, Objval, Timeout.Reached
0.0836, 0.2275, 29.000000, No
0.0897, 0.2493, 29.000000, No
0.0893, 0.2421, 29.000000, No
0.0853, 0.2348, 29.000000, No
0.0884, 0.2445, 29.000000, No
