User.Time, CPU.Time, Objval, Timeout.Reached
0.0936, 0.2613, 29.000000, No
0.0968, 0.3623, 29.000000, No
0.1182, 0.4643, 29.000000, No
0.0876, 0.2386, 29.000000, No
0.0903, 0.2426, 29.000000, No
