User.Time, CPU.Time
0.0912, 0.2430, 386889.000000, No
0.0889, 0.2482, 386889.000000, No
0.0867, 0.2361, 386889.000000, No
0.0857, 0.2299, 386889.000000, No
0.0799, 0.2211, 386889.000000, No
0.0836, 0.2275, 29.000000, No
0.0897, 0.2493, 29.000000, No
0.0893, 0.2421, 29.000000, No
0.0853, 0.2348, 29.000000, No
0.0884, 0.2445, 29.000000, No
