User.Time, CPU.Time
0.0947, 0.2471, 4068860.000000, No
0.1044, 0.2689, 4068860.000000, No
0.1030, 0.2652, 4068860.000000, No
0.1069, 0.2653, 4068860.000000, No
0.1066, 0.2687, 4068860.000000, No
