User.Time, CPU.Time, Objval, Timeout.Reached
2.1802, 13.9616, 1596.000000, No
2.1791, 13.9614, 1596.000000, No
2.1887, 13.9957, 1596.000000, No
2.2114, 14.0191, 1596.000000, No
2.1791, 13.9429, 1596.000000, No
