User.Time, CPU.Time, Objval, Timeout.Reached
3.3494, 19.6287, 4556.000000, No
3.3171, 19.7627, 4556.000000, No
3.3842, 19.5979, 4556.000000, No
3.3041, 19.6734, 4556.000000, No
3.3930, 19.5426, 4556.000000, No
