User.Time, CPU.Time, Objval, Timeout.Reached
4.9177, 34.7254, 147766.000000, No
4.9390, 34.9139, 147766.000000, No
4.9333, 34.6250, 147766.000000, No
4.9247, 34.7118, 147766.000000, No
4.8803, 34.6885, 147766.000000, No
