User.Time, CPU.Time, Objval, Timeout.Reached
0.0663, 0.1143, 1018.000000, No
0.0555, 0.0960, 1018.000000, No
0.0646, 0.1078, 1018.000000, No
0.0674, 0.1138, 1018.000000, No
0.0638, 0.1067, 1018.000000, No
