User.Time, CPU.Time, Objval, Timeout.Reached0.0807, 0.2046, 655.000000, No
0.0856, 0.2099, 655.000000, No
0.0844, 0.2174, 655.000000, No
0.0860, 0.2243, 655.000000, No
0.0807, 0.1982, 655.000000, No
