User.Time, CPU.Time, Objval, Timeout.Reached
0.0921, 0.1859, 961506628.000000, No
0.0960, 0.1904, 961506628.000000, No
0.0939, 0.1880, 961506628.000000, No
0.1045, 0.1910, 961506628.000000, No
0.1005, 0.1962, 961506628.000000, No
