User.Time, CPU.Time
0.0947, 0.2471, 4068860.000000, No
0.1044, 0.2689, 4068860.000000, No
0.1030, 0.2652, 4068860.000000, No
0.1069, 0.2653, 4068860.000000, No
0.1066, 0.2687, 4068860.000000, No
0.0965, 0.2461, 655.000000, No
0.0984, 0.2558, 655.000000, No
0.1012, 0.2584, 655.000000, No
0.1007, 0.2646, 655.000000, No
0.1017, 0.2680, 655.000000, No
