User.Time, CPU.Time, Objval, Timeout.Reached
0.0965, 0.2461, 655.000000, No
0.0984, 0.2558, 655.000000, No
0.1012, 0.2584, 655.000000, No
0.1007, 0.2646, 655.000000, No
0.1017, 0.2680, 655.000000, No
