User.Time, CPU.Time, Objval, Timeout.Reached
0.0377, 0.0497, 1419.000000, No
0.0367, 0.0498, 1419.000000, No
0.0398, 0.0513, 1419.000000, No
0.0412, 0.0547, 1419.000000, No
0.0389, 0.0503, 1419.000000, No
