User.Time, CPU.Time, Objval, Timeout.Reached
0.0644, 0.1094, 1018.000000, No
0.0696, 0.1215, 1018.000000, No
0.0672, 0.1115, 1018.000000, No
0.0653, 0.1093, 1018.000000, No
0.0684, 0.1148, 1018.000000, No
