User.Time, CPU.Time
0.0403, 0.0572, 620570.684211, No
0.0412, 0.0598, 620570.684211, No
0.0409, 0.0592, 620570.684211, No
0.0406, 0.0578, 620570.684211, No
0.0405, 0.0579, 620570.684211, No
