User.Time, CPU.Time, Objval, Timeout.Reached
3.2058, 15.9725, 151904.000000, No
3.1748, 15.6923, 151904.000000, No
3.1777, 15.6393, 151904.000000, No
3.2077, 15.9017, 151904.000000, No
3.1282, 15.6458, 151904.000000, No
