User.Time, CPU.Time, Objval, Timeout.Reached
0.0404, 0.0585, 799.000000, No
0.0421, 0.0613, 799.000000, No
0.0419, 0.0606, 799.000000, No
0.0407, 0.0593, 799.000000, No
0.0422, 0.0614, 799.000000, No
