User.Time, CPU.Time, Objval, Timeout.Reached
1.6725, 6.5678, 4020.000000, No
1.6649, 6.6330, 4020.000000, No
1.6560, 6.5167, 4020.000000, No
1.6924, 6.8412, 4020.000000, No
1.7315, 6.8148, 4020.000000, No
