User.Time, CPU.Time, Objval, Timeout.Reached
1.4718, 6.3229, 1060.000000, No
1.5082, 6.3427, 1060.000000, No
1.5294, 6.4067, 1060.000000, No
1.4968, 6.2853, 1060.000000, No
1.4761, 6.2769, 1060.000000, No
