User.Time, CPU.Time, Objval, Timeout.Reached
0.0181, 0.0186, 961506697.000000, No
0.0180, 0.0183, 961506697.000000, No
0.0187, 0.0190, 961506697.000000, No
0.0192, 0.0194, 961506697.000000, No
0.0178, 0.0181, 961506697.000000, No
