User.Time, CPU.Time, Objval, Timeout.Reached
0.0529, 0.1003, 1512.000000, No
0.0589, 0.1118, 1512.000000, No
0.0583, 0.1135, 1512.000000, No
0.0595, 0.1150, 1512.000000, No
0.0621, 0.1190, 1512.000000, No
