User.Time, CPU.Time, Objval, Timeout.Reached
0.0717, 0.1380, 1218.000000, No
0.0946, 0.2451, 1218.000000, No
0.0864, 0.1712, 1218.000000, No
0.0868, 0.1690, 1218.000000, No
0.0795, 0.1489, 1218.000000, No
