User.Time, CPU.Time, Objval, Timeout.Reached
0.0772, 0.1407, 1218.000000, No
0.0704, 0.1345, 1218.000000, No
0.0819, 0.1571, 1218.000000, No
0.0795, 0.1482, 1218.000000, No
0.0825, 0.1578, 1218.000000, No
