User.Time, CPU.Time, Objval, Timeout.Reached0.0421, 0.0599, 799.000000, No
0.0416, 0.0591, 799.000000, No
0.0421, 0.0599, 799.000000, No
0.0408, 0.0586, 799.000000, No
0.0418, 0.0599, 799.000000, No
