User.Time, CPU.Time
0.0752, 0.2309, 1160105.142857, No
0.0721, 0.2080, 1160105.142857, No
0.0699, 0.1369, 1160105.142857, No
0.0839, 0.2720, 1160105.142857, No
0.0937, 0.3432, 1160105.142857, No
