User.Time, CPU.Time, Objval, Timeout.Reached
857.0292, 6347.5775, 809.000000, Yes
865.3187, 6347.5904, 809.000000, Yes
858.2356, 6346.1986, 809.000000, Yes
859.1340, 6347.1002, 809.000000, Yes
858.5703, 6345.9464, 809.000000, Yes
