User.Time, CPU.Time, Objval, Timeout.Reached
0.1149, 0.4898, 920.000000, No
0.1173, 0.4837, 920.000000, No
0.1134, 0.4981, 920.000000, No
0.1158, 0.5119, 920.000000, No
0.1161, 0.4835, 920.000000, No
