User.Time, CPU.Time, Objval, Timeout.Reached
0.0829, 0.2497, 723.000000, No
0.0792, 0.2263, 723.000000, No
0.0833, 0.2554, 723.000000, No
0.0929, 0.3164, 723.000000, No
0.0902, 0.2898, 723.000000, No
