User.Time, CPU.Time, Objval, Timeout.Reached
0.0190, 0.0195, 230347885.000000, No
0.0175, 0.0177, 230347885.000000, No
0.0174, 0.0176, 230347885.000000, No
0.0183, 0.0188, 230347885.000000, No
0.0172, 0.0174, 230347885.000000, No
