User.Time, CPU.Time, Objval, Timeout.Reached0.0708, 0.2034, 723.000000, No
0.0730, 0.2018, 723.000000, No
0.0800, 0.2561, 723.000000, No
0.0759, 0.2280, 723.000000, No
0.0747, 0.2144, 723.000000, No
