User.Time, CPU.Time, Objval, Timeout.Reached
0.0792, 0.2739, 920.000000, No
0.0640, 0.1374, 920.000000, No
0.0718, 0.2408, 920.000000, No
0.0771, 0.2661, 920.000000, No
0.0742, 0.1683, 920.000000, No
