User.Time, CPU.Time, Objval, Timeout.Reached
979.2560, 6348.6331, 2647.000000, Yes
978.2892, 6349.8030, 2647.000000, Yes
977.5025, 6349.4971, 2647.000000, Yes
978.5703, 6348.9464, 2647.000000, Yes
978.5864, 6351.6574, 2647.000000, Yes
