User.Time, CPU.Time, Objval, Timeout.Reached
0.0264, 0.0398, 1200.000000, No
0.0268, 0.0403, 1200.000000, No
0.0283, 0.0428, 1200.000000, No
0.0277, 0.0439, 1200.000000, No
0.0269, 0.0407, 1200.000000, No
