User.Time, CPU.Time, Objval, Timeout.Reached
7.9749, 55.8069, 101559.000000, No
7.9398, 55.7621, 101559.000000, No
7.9634, 55.8718, 101559.000000, No
7.9415, 55.7829, 101559.000000, No
8.0313, 55.9738, 101559.000000, No
