User.Time, CPU.Time, Objval, Timeout.Reached
0.0297, 0.0285, 494.000000, No
0.0140, 0.0170, 494.000000, No
0.0183, 0.0213, 494.000000, No
0.0183, 0.0218, 494.000000, No
0.0168, 0.0200, 494.000000, No
