User.Time, CPU.Time, Objval, Timeout.Reached
881.1919, 6351.3644, 8855.000000, Yes
884.8913, 6351.2754, 8817.000000, Yes
882.5830, 6352.4812, 8817.000000, Yes
880.9299, 6353.6245, 8819.000000, Yes
880.9640, 6352.7287, 8811.000000, Yes
