User.Time, CPU.Time, Objval, Timeout.Reached
918.0803, 6343.4498, 110590.000000, Yes
909.6468, 6342.2690, 110590.000000, Yes
908.5586, 6343.0909, 110600.000000, Yes
1009.3009, 6346.1837, 110590.000000, Yes
945.8158, 6345.7686, 110590.000000, Yes
