User.Time, CPU.Time, Objval, Timeout.Reached
0.0257, 0.0233, 609.000000, No
0.0149, 0.0196, 609.000000, No
0.0149, 0.0199, 609.000000, No
0.0154, 0.0207, 609.000000, No
0.0149, 0.0196, 609.000000, No
