User.Time, CPU.Time, Objval, Timeout.Reached
231.6534, 1511.9955, 1729.000000, No
231.5369, 1514.7746, 1729.000000, No
235.6606, 1542.0890, 1729.000000, No
237.5861, 1550.3356, 1729.000000, No
236.1426, 1530.2262, 1729.000000, No
