User.Time, CPU.Time, Objval, Timeout.Reached
3.0213, 17.4371, 1554.000000, No
2.9717, 17.0615, 1554.000000, No
2.9725, 17.2460, 1554.000000, No
3.0067, 17.5216, 1554.000000, No
2.9506, 17.0634, 1554.000000, No
