User.Time, CPU.Time, Objval, Timeout.Reached
1.8479, 9.3858, 957.000000, No
1.8571, 9.7501, 957.000000, No
1.8829, 9.5821, 957.000000, No
1.8876, 9.7132, 957.000000, No
1.8584, 9.6019, 957.000000, No
