User.Time, CPU.Time, Objval, Timeout.Reached
895.1494, 6353.7532, 4435.000000, Yes
895.3497, 6353.7344, 4435.000000, Yes
900.6085, 6353.9050, 4435.000000, Yes
898.2525, 6355.2818, 4435.000000, Yes
896.9097, 6355.0499, 4435.000000, Yes
