User.Time, CPU.Time, Objval, Timeout.Reached
942.5718, 6340.9247, 7044.000000, Yes
945.4601, 6340.4462, 7056.000000, Yes
942.7143, 6339.6003, 7044.000000, Yes
833.8207, 6334.9626, 7056.000000, Yes
835.2214, 6334.7620, 7056.000000, Yes
