User.Time, CPU.Time, Objval, Timeout.Reached
295.5087, 2026.1493, 1449.000000, No
293.3717, 2018.0531, 1449.000000, No
295.8231, 2025.8864, 1449.000000, No
293.1956, 2005.7312, 1449.000000, No
291.4045, 1992.3092, 1449.000000, No
