User.Time, CPU.Time, Objval, Timeout.Reached
, No
, No
296.7814, 2020.5975, 1449.000000, No
294.2279, 2010.7760, 1449.000000, No
296.1200, 2017.7597, 1449.000000, No
