User.Time, CPU.Time, Objval, Timeout.Reached
875.2383, 6348.4741, 1779.000000, Yes
874.9875, 6347.0682, 1779.000000, Yes
871.6271, 6348.5585, 1779.000000, Yes
871.1488, 6349.8926, 1779.000000, Yes
869.3105, 6348.3472, 1779.000000, Yes
