User.Time, CPU.Time, Objval, Timeout.Reached
0.0621, 0.0660, 0.000000, No
0.0669, 0.0709, 0.000000, No
0.0629, 0.0666, 0.000000, No
0.0668, 0.0737, 0.000000, No
0.0543, 0.0580, 0.000000, No
