User.Time, CPU.Time, Objval, Timeout.Reached
894.5733, 6351.0974, 6018.000000, Yes
895.4642, 6349.3287, 6018.000000, Yes
893.8498, 6349.3109, 6175.000000, Yes
896.3412, 6349.2789, 6018.000000, Yes
898.7676, 6348.5669, 6059.000000, Yes
