User.Time, CPU.Time, Objval, Timeout.Reached
871.2508, 6351.1281, 1779.000000, Yes
872.8878, 6351.1910, 1779.000000, Yes
