User.Time, CPU.Time, Objval, Timeout.Reached
0.2463, 1.0014, 218.000000, No
0.2506, 1.0225, 218.000000, No
0.2464, 1.0030, 218.000000, No
0.2420, 1.0112, 218.000000, No
0.2460, 1.0129, 218.000000, No
