User.Time, CPU.Time, Objval, Timeout.Reached
0.4551, 2.4331, 670.000000, No
0.4790, 2.4593, 670.000000, No
0.4810, 2.4965, 670.000000, No
0.4712, 2.4562, 670.000000, No
0.4731, 2.4609, 670.000000, No
