User.Time, CPU.Time, Objval, Timeout.Reached
997.9139, 6345.0412, 6383.500000, Yes
998.0177, 6343.7439, 6380.500000, Yes
994.1199, 6344.3101, 6392.500000, Yes
876.6279, 6339.4250, 6376.500000, Yes
883.0903, 6339.2697, 6380.500000, Yes
