User.Time, CPU.Time, Objval, Timeout.Reached
1.6961, 9.8595, 1495.000000, No
1.6936, 9.5997, 1495.000000, No
1.6970, 9.7450, 1495.000000, No
1.7326, 9.7318, 1495.000000, No
1.6895, 9.6930, 1495.000000, No
