User.Time, CPU.Time, Objval, Timeout.Reached
158.7537, 1079.1969, 1323.000000, No
159.6979, 1075.2519, 1323.000000, No
158.5944, 1076.2444, 1323.000000, No
158.1639, 1072.6689, 1323.000000, No
155.9866, 1065.5800, 1323.000000, No
