User.Time, CPU.Time, Objval, Timeout.Reached
997.9139, 6345.0412, 6383.500000, Yes
998.0177, 6343.7439, 6380.500000, Yes
994.1199, 6344.3101, 6392.500000, Yes
