User.Time, CPU.Time, Objval, Timeout.Reached
901.3757, 6352.8891, 4635.000000, Yes
898.5848, 6354.0293, 4572.000000, Yes
898.7348, 6353.1910, 4572.000000, Yes
899.9484, 6349.1585, 4572.000000, Yes
895.4568, 6349.3000, 4559.000000, Yes
