User.Time, CPU.Time, Objval, Timeout.Reached
0.7156, 3.7241, 1265.000000, No
0.6959, 3.6824, 1265.000000, No
0.7093, 3.6452, 1265.000000, No
0.6976, 3.7282, 1265.000000, No
0.7060, 3.6915, 1265.000000, No
