User.Time, CPU.Time, Objval, Timeout.Reached
1033.8387, 6348.7341, 7213.000000, Yes
1033.8865, 6350.2262, 7213.000000, Yes
1037.8909, 6349.1192, 7213.000000, Yes
