User.Time, CPU.Time, Objval, Timeout.Reached
4.3901, 27.0972, 849.000000, No
4.3828, 27.0671, 849.000000, No
4.3923, 26.8444, 849.000000, No
4.4220, 27.0766, 849.000000, No
4.4077, 27.0272, 849.000000, No
