User.Time, CPU.Time, Objval, Timeout.Reached
902.7429, 6373.6307, 6170.000000, Yes
902.4535, 6374.6042, 6163.000000, Yes
899.5437, 6374.3580, 6163.000000, Yes
901.1845, 6372.5299, 6157.000000, Yes
902.2040, 6375.0979, 6163.000000, Yes
