User.Time, CPU.Time, Objval, Timeout.Reached
90.7015, 619.6264, 1337.000000, No
90.1564, 617.9131, 1337.000000, No
88.2922, 601.4540, 1337.000000, No
88.5999, 605.6923, 1337.000000, No
87.2415, 596.4313, 1337.000000, No
