User.Time, CPU.Time, Objval, Timeout.Reached
5.5788, 34.4028, 1617.000000, No
5.5701, 34.3288, 1617.000000, No
5.6272, 34.6155, 1617.000000, No
5.6268, 34.1042, 1617.000000, No
5.5991, 34.3800, 1617.000000, No
