User.Time, CPU.Time, Objval, Timeout.Reached
1030.3378, 6354.1893, 6042.000000, Yes
1030.8163, 6354.9104, 6046.000000, Yes
1029.6913, 6355.9045, 6046.000000, Yes
906.3086, 6348.7663, 6046.000000, Yes
911.4538, 6348.8283, 6046.000000, Yes
