User.Time, CPU.Time
7.1330, 43.0405, 879840.000000, No
7.3491, 44.4326, 879840.000000, No
7.2167, 43.8021, 879840.000000, No
7.2743, 42.6285, 879840.000000, No
7.2568, 42.8695, 879840.000000, No
