User.Time, CPU.Time, Objval, Timeout.Reached
896.6522, 6348.0460, 1940.000000, Yes
900.6167, 6347.3775, 1929.000000, Yes
900.1970, 6347.6602, 1940.000000, Yes
900.2233, 6347.1302, 1940.000000, Yes
907.5033, 6347.9415, 1929.000000, Yes
