User.Time, CPU.Time, Objval, Timeout.Reached
986.0835, 6350.9327, 4550.880000, Yes
991.0286, 6349.2347, 4557.880000, Yes
989.8582, 6351.8774, 4553.880000, Yes
861.8721, 6342.8944, 4553.880000, Yes
855.5854, 6343.2328, 4561.880000, Yes
