User.Time, CPU.Time, Objval, Timeout.Reached
0.3108, 1.4200, 896.000000, No
0.3156, 1.4171, 896.000000, No
0.3179, 1.4205, 896.000000, No
0.3314, 1.4308, 896.000000, No
0.3123, 1.4190, 896.000000, No
