User.Time, CPU.Time, Objval, Timeout.Reached
0.3973, 2.0953, 1476.000000, No
0.3958, 2.1128, 1476.000000, No
0.3878, 2.1204, 1476.000000, No
0.4109, 2.0713, 1476.000000, No
0.3793, 2.1018, 1476.000000, No
