User.Time, CPU.Time, Objval, Timeout.Reached
0.3043, 0.7753, 49.000000, No
0.3041, 0.7730, 49.000000, No
0.3163, 0.8084, 49.000000, No
0.2979, 0.7637, 49.000000, No
0.2994, 0.7675, 49.000000, No