User.Time, CPU.Time, Objval, Timeout.Reached
0.3146, 1.4284, 896.000000, No
0.3205, 1.4375, 896.000000, No
0.3171, 1.4280, 896.000000, No
0.3119, 1.4218, 896.000000, No
0.3117, 1.4276, 896.000000, No
