User.Time, CPU.Time, Objval, Timeout.Reached
16.9866, 109.6214, 667537941.075136, No
16.7524, 108.5798, 667537941.075136, No
17.2696, 111.8305, 667537941.075136, No
17.1063, 109.5003, 667537941.075136, No
17.4409, 109.9061, 667537941.075136, No
