User.Time, CPU.Time, Objval, Timeout.Reached
5.9289, 32.3440, 47.000000, No
6.2925, 31.9868, 47.000000, No
6.3804, 32.3111, 47.000000, No
6.3520, 32.0523, 47.000000, No
6.2121, 31.4639, 47.000000, No