User.Time, CPU.Time, Objval, Timeout.Reached
1011.1842, 6337.0873, 147553.000000, Yes
1002.7739, 6336.9399, 147572.000000, Yes
1002.6926, 6337.7997, 147597.000000, Yes
1001.3308, 6337.5817, 147539.000000, Yes
1005.3494, 6337.4885, 147540.000000, Yes
