User.Time, CPU.Time, Objval, Timeout.Reached
8.0971, 52.6541, 47.000000, No
8.2408, 53.5228, 47.000000, No
8.3228, 53.4602, 47.000000, No
7.9445, 51.8042, 47.000000, No
8.0033, 52.0276, 47.000000, No
