User.Time, CPU.Time, Objval, Timeout.Reached
1.4414, 7.9579, 48.000000, No
1.4319, 7.9153, 48.000000, No
1.4331, 7.9238, 48.000000, No
1.4433, 7.9621, 48.000000, No
1.4141, 7.8428, 48.000000, No