User.Time, CPU.Time, Objval, Timeout.Reached
0.1777, 0.5994, 2543305144.000000, No
0.1819, 0.5988, 2543305144.000000, No
0.2102, 0.6895, 2543305144.000000, No
0.1817, 0.5971, 2543305144.000000, No
0.2312, 0.7249, 2543305144.000000, No
