User.Time, CPU.Time, Objval, Timeout.Reached
0.9209, 4.6713, 828.000000, No
0.9135, 4.6301, 828.000000, No
0.9081, 4.5755, 828.000000, No
0.8873, 4.7427, 828.000000, No
0.9258, 4.6505, 828.000000, No
