User.Time, CPU.Time, Objval, Timeout.Reached
4.0501, 24.4629, 961506694.000000, No
4.0085, 24.1974, 961506694.000000, No
4.0366, 24.1017, 961506694.000000, No
3.7987, 22.5421, 961506694.000000, No
4.0373, 24.1030, 961506694.000000, No
