User.Time, CPU.Time, Objval, Timeout.Reached
1003.1560, 6355.0818, 4745.000000, Yes
995.5194, 6354.4089, 4748.000000, Yes
997.2911, 6354.3492, 4748.000000, Yes
873.9166, 6348.5087, 4748.000000, Yes
871.5503, 6347.0977, 4748.000000, Yes
