User.Time, CPU.Time, Objval, Timeout.Reached
0.3048, 1.4493, 1607.000000, No
0.3150, 1.4391, 1607.000000, No
0.3020, 1.4263, 1607.000000, No
0.2883, 1.4264, 1607.000000, No
0.2983, 1.4576, 1607.000000, No
