User.Time, CPU.Time, Objval, Timeout.Reached
1.1647, 7.5489, 1147.000000, No
1.1616, 7.5064, 1147.000000, No
1.1791, 7.5992, 1147.000000, No
1.1700, 7.4537, 1147.000000, No
1.1665, 7.4657, 1147.000000, No
