User.Time, CPU.Time, Objval, Timeout.Reached
4.2271, 24.3227, 828.000000, No
4.1808, 23.9992, 828.000000, No
4.2182, 24.2885, 828.000000, No
4.2046, 24.0833, 828.000000, No
4.2290, 24.3455, 828.000000, No
