User.Time, CPU.Time
1.4443, 8.4680, 23265144.000000, No
1.4801, 8.7604, 23265144.000000, No
1.4687, 8.6296, 23265144.000000, No
1.4943, 8.3097, 23265144.000000, No
1.4783, 7.7115, 23265144.000000, No
0.9209, 4.6713, 828.000000, No
0.9135, 4.6301, 828.000000, No
0.9081, 4.5755, 828.000000, No
0.8873, 4.7427, 828.000000, No
0.9258, 4.6505, 828.000000, No
