User.Time, CPU.Time, Objval, Timeout.Reached
910.3069, 6345.9008, 107839.000000, Yes
895.4054, 6344.9898, 107957.000000, Yes
904.7814, 6345.6662, 107867.000000, Yes
901.5527, 6346.4240, 107949.000000, Yes
909.8377, 6346.4789, 107887.000000, Yes
