User.Time, CPU.Time, Objval, Timeout.Reached
877.9490, 6351.4626, 1784.000000, Yes
878.8358, 6352.2788, 1784.000000, Yes
876.5645, 6352.9817, 1792.000000, Yes
875.3951, 6351.8270, 1788.000000, Yes
875.7707, 6351.5464, 1784.000000, Yes
