User.Time, CPU.Time, Objval, Timeout.Reached
1.1733, 7.5758, 1147.000000, No
1.1593, 7.5290, 1147.000000, No
1.1761, 7.5455, 1147.000000, No
1.1692, 7.5925, 1147.000000, No
1.1625, 7.5262, 1147.000000, No
