User.Time, CPU.Time
1.4443, 8.4680, 23265144.000000, No
1.4801, 8.7604, 23265144.000000, No
1.4687, 8.6296, 23265144.000000, No
1.4943, 8.3097, 23265144.000000, No
1.4783, 7.7115, 23265144.000000, No
