User.Time, CPU.Time
9.8615, 64.6603, 17704510.000000, No
9.5595, 63.3245, 17704510.000000, No
9.4922, 62.1544, 17704510.000000, No
9.4986, 60.7917, 17704510.000000, No
9.6558, 62.2189, 17704510.000000, No
