User.Time, CPU.Time, Objval, Timeout.Reached
415.0063, 3170.8848, 2226.000000, No
430.4034, 3285.2857, 2226.000000, No
439.2080, 3354.0303, 2226.000000, No
436.6397, 3330.0272, 2226.000000, No
438.3801, 3343.8421, 2226.000000, No
