User.Time, CPU.Time, Objval, Timeout.Reached
281.1105, 2124.9532, 1796.000000, No
290.8819, 2193.6741, 1796.000000, No
293.1642, 2204.6066, 1796.000000, No
290.9773, 2197.6345, 1796.000000, No
289.0018, 2173.8355, 1796.000000, No
