User.Time, CPU.Time, Objval, Timeout.Reached
866.1426, 6344.3486, 1963.000000, Yes
868.6812, 6342.7683, 1963.000000, Yes
868.2679, 6345.7303, 1963.000000, Yes
867.8618, 6342.2091, 1975.000000, Yes
873.5306, 6343.7976, 1963.000000, Yes
