User.Time, CPU.Time, Objval, Timeout.Reached
3.6874, 20.6699, 685.000000, No
3.5586, 20.0857, 685.000000, No
3.6627, 20.4767, 685.000000, No
3.5722, 20.1589, 685.000000, No
3.6411, 20.6318, 685.000000, No
