User.Time, CPU.Time, Objval, Timeout.Reached
1.0153, 5.3793, 686.000000, No
0.9705, 5.0579, 686.000000, No
1.0354, 5.4779, 686.000000, No
0.9813, 5.1894, 686.000000, No
0.9221, 4.8849, 686.000000, No
