User.Time, CPU.Time, Objval, Timeout.Reached
878.3112, 6336.7868, 144315.000000, Yes
877.2704, 6337.2383, 144358.000000, Yes
879.5477, 6338.0978, 144353.000000, Yes
879.2431, 6337.4446, 144281.000000, Yes
877.6405, 6337.8205, 144328.000000, Yes
