User.Time, CPU.Time, Objval, Timeout.Reached
278.4146, 2105.0037, 1796.000000, No
292.1743, 2205.1462, 1796.000000, No
293.5173, 2218.9011, 1796.000000, No
298.2841, 2213.2264, 1796.000000, No
293.6917, 2173.4903, 1796.000000, No
