User.Time, CPU.Time, Objval, Timeout.Reached
0.9795, 5.1590, 686.000000, No
0.9999, 5.2015, 686.000000, No
0.9783, 5.1673, 686.000000, No
1.0088, 5.2885, 686.000000, No
0.9557, 4.9698, 686.000000, No
1.0153, 5.3793, 686.000000, No
0.9705, 5.0579, 686.000000, No
1.0354, 5.4779, 686.000000, No
0.9813, 5.1894, 686.000000, No
0.9221, 4.8849, 686.000000, No
