User.Time, CPU.Time, Objval, Timeout.Reached
950.0352, 6358.1196, 5523.600000, Yes
953.3627, 6355.8699, 5539.600000, Yes
951.5341, 6358.3756, 5539.600000, Yes
845.7434, 6350.6314, 5514.600000, Yes
849.8158, 6350.6121, 5514.600000, Yes
