User.Time, CPU.Time, Objval, Timeout.Reached
10.8099, 69.2608, 685.000000, No
10.5556, 67.5808, 685.000000, No
10.5960, 68.3927, 685.000000, No
10.7992, 69.8056, 685.000000, No
10.4269, 67.1788, 685.000000, No
