User.Time, CPU.Time, Objval, Timeout.Reached
0.6939, 3.1553, 1660641015.688000, No
0.7534, 3.3235, 1660641015.688000, No
0.7585, 3.3758, 1660641015.688000, No
0.7291, 3.2527, 1660641015.688000, No
0.7492, 3.3211, 1660641015.688000, No
