User.Time, CPU.Time, Objval, Timeout.Reached
0.3778, 1.9892, 961506692.000000, No
0.3896, 1.8869, 961506692.000000, No
0.3957, 1.9938, 961506692.000000, No
0.3818, 1.9464, 961506692.000000, No
0.3874, 1.9373, 961506692.000000, No
