User.Time, CPU.Time
4.3296, 23.6274, 19760587.000000, No
4.4587, 24.3140, 19760587.000000, No
4.0367, 22.1247, 19760587.000000, No
4.3050, 23.5806, 19760587.000000, No
4.5790, 24.3936, 19760587.000000, No4.2887, 23.5924, 19760587.000000, No
2.8940, 15.6065, 1454.000000, No
2.8834, 15.2036, 1454.000000, No
2.8392, 15.2412, 1454.000000, No
2.8546, 15.3686, 1454.000000, No
2.9305, 15.5368, 1454.000000, No
