User.Time, CPU.Time, Objval, Timeout.Reached
869.0810, 6340.2987, 91386.000000, Yes
867.3576, 6340.2564, 91370.000000, Yes
862.6783, 6340.8407, 91425.000000, Yes
865.9810, 6341.1729, 91384.000000, Yes
862.6394, 6341.0608, 91386.000000, Yes
