User.Time, CPU.Time, Objval, Timeout.Reached
4.4503, 21.7842, 1454.000000, No
4.4583, 21.8029, 1454.000000, No
4.5286, 22.1509, 1454.000000, No
4.4091, 21.5677, 1454.000000, No
4.3471, 21.7992, 1454.000000, No
