User.Time, CPU.Time
4.3296, 23.6274, 19760587.000000, No
4.4587, 24.3140, 19760587.000000, No
4.0367, 22.1247, 19760587.000000, No
4.3050, 23.5806, 19760587.000000, No
4.5790, 24.3936, 19760587.000000, No4.2887, 23.5924, 19760587.000000, No
