User.Time, CPU.Time, Objval, Timeout.Reached
974.4690, 6355.9324, 4746.000000, Yes
979.9610, 6358.9847, 4746.000000, Yes
975.5258, 6357.7131, 4746.000000, Yes
977.8104, 6355.7874, 4746.000000, Yes
979.5546, 6351.9391, 4746.000000, Yes
