User.Time, CPU.Time, Objval, Timeout.Reached
0.5997, 2.8762, 499.000000, No
0.5876, 2.8652, 499.000000, No
0.3875, 1.8880, 499.000000, No
0.3818, 1.8162, 499.000000, No
0.3895, 1.8782, 499.000000, No
