User.Time, CPU.Time, Objval, Timeout.Reached
2.8940, 15.6065, 1454.000000, No
2.8834, 15.2036, 1454.000000, No
2.8392, 15.2412, 1454.000000, No
2.8546, 15.3686, 1454.000000, No
2.9305, 15.5368, 1454.000000, No
