User.Time, CPU.Time, Objval, Timeout.Reached
865.5141, 6348.3052, 1805.000000, Yes
862.5093, 6349.1426, 1805.000000, Yes
862.8726, 6348.8556, 1805.000000, Yes
865.8104, 6348.7874, 1805.000000, Yes
862.5546, 6348.9391, 1805.000000, Yes
