User.Time, CPU.Time, Objval, Timeout.Reached
0.1806, 0.6456, 1373.000000, No
0.1822, 0.6455, 1373.000000, No
0.1871, 0.6410, 1373.000000, No
0.1805, 0.6382, 1373.000000, No
0.1845, 0.6488, 1373.000000, No
