User.Time, CPU.Time, Objval, Timeout.Reached
0.4471, 2.1407, 499.000000, No
0.4486, 2.1955, 499.000000, No
0.4349, 2.1109, 499.000000, No
0.4375, 2.1672, 499.000000, No
0.4284, 2.0296, 499.000000, No
