User.Time, CPU.Time
0.3758, 1.4146, 13482048.000000, No
0.4078, 1.5371, 13482048.000000, No
0.4553, 1.6871, 13482048.000000, No
0.3955, 1.4964, 13482048.000000, No
0.3955, 1.4849, 13482048.000000, No0.4063, 1.5365, 13482048.000000, No
