User.Time, CPU.Time, Objval, Timeout.Reached
38.7946, 279.5637, 2768.000000, No
39.7223, 282.9481, 2768.000000, No
40.1229, 283.3586, 2768.000000, No
39.8888, 283.7464, 2768.000000, No
39.5775, 279.6373, 2768.000000, No
