User.Time, CPU.Time, Objval, Timeout.Reached
infeasible
71.1579, 502.5994, 2303.000000, No
78.4059, 547.9273, 2303.000000, No
79.3902, 559.6450, 2303.000000, No
79.6984, 561.6444, 2303.000000, No
