User.Time, CPU.Time, Objval, Timeout.Reached
895.4071, 6346.4175, 141257.000000, Yes
896.0476, 6346.5977, 141249.000000, Yes
897.8943, 6345.2833, 141257.000000, Yes
900.4491, 6344.7330, 141257.000000, Yes
897.8068, 6346.9232, 141264.000000, Yes
