User.Time, CPU.Time, Objval, Timeout.Reached
967.5853, 6344.4884, 3836.200000, Yes
961.8997, 6344.7364, 3836.200000, Yes
967.6519, 6343.6698, 3836.200000, Yes
879.7835, 6339.5966, 3836.200000, Yes
879.0870, 6339.8338, 3836.200000, Yes
