User.Time, CPU.Time, Objval, Timeout.Reached
83.7341, 576.4470, 2303.000000, No
85.9991, 592.0585, 2303.000000, No
85.3637, 583.3505, 2303.000000, No
86.2721, 593.7863, 2303.000000, No
88.3886, 596.5393, 2303.000000, No
