User.Time, CPU.Time, Objval, Timeout.Reached
883.3686, 6336.8557, 1634.000000, Yes
887.7552, 6336.7139, 1634.000000, Yes
885.0770, 6336.5128, 1634.000000, Yes
884.6726, 6336.7145, 1634.000000, Yes
883.6317, 6335.6496, 1634.000000, Yes
