User.Time, CPU.Time, Objval, Timeout.Reached
3.3159, 19.3992, 1378.000000, No
3.3004, 19.2087, 1378.000000, No
3.3287, 19.2311, 1378.000000, No
3.3189, 19.2555, 1378.000000, No
3.3104, 18.7963, 1378.000000, No
3.2501, 18.8739, 1378.000000, No
3.3245, 19.4168, 1378.000000, No
3.3137, 19.1078, 1378.000000, No
3.3283, 19.6739, 1378.000000, No
3.3011, 19.2743, 1378.000000, No
