User.Time, CPU.Time, Objval, Timeout.Reached
0.4022, 1.5172, 1376.000000, No
0.3804, 1.4142, 1376.000000, No
0.3667, 1.3752, 1376.000000, No
0.3667, 1.3849, 1376.000000, No
0.4004, 1.5026, 1376.000000, No
