User.Time, CPU.Time, Objval, Timeout.Reached
0.5456, 2.7783, 397715775.864000, No
0.5723, 2.8690, 397715775.864000, No
0.5606, 2.8731, 397715775.864000, No
0.5912, 2.6272, 397715775.864000, No
0.5368, 2.6804, 397715775.864000, No
