User.Time, CPU.Time, Objval, Timeout.Reached
1.1794, 6.5422, 1376.000000, No
1.1617, 6.4540, 1376.000000, No
1.1657, 6.5552, 1376.000000, No
1.1569, 6.4848, 1376.000000, No
1.1397, 6.4402, 1376.000000, No
