User.Time, CPU.Time
880.9086, 6364.4895, 10026772.411765, Yes
880.4700, 6366.3737, 10026772.411765, Yes
878.6446, 6367.6808, 10026772.411765, Yes
881.0952, 6367.4846, 9430178.029412, Yes
885.9509, 6369.3834, 9430178.029412, Yes
887.6380, 6371.4429, 6772.000000, Yes
882.9215, 6373.8884, 6772.000000, Yes
885.7509, 6372.3472, 6772.000000, Yes
885.3907, 6373.2405, 6948.000000, Yes
885.1396, 6372.4754, 6772.000000, Yes
