User.Time, CPU.Time, Objval, Timeout.Reached
887.7889, 6374.2075, 6172.000000, Yes
878.0650, 6373.9199, 5996.000000, Yes
878.7671, 6372.6785, 5996.000000, Yes
877.9912, 6371.8137, 5996.000000, Yes
874.0011, 6374.0637, 5996.000000, Yes
