User.Time, CPU.Time
880.9086, 6364.4895, 10026772.411765, Yes
880.4700, 6366.3737, 10026772.411765, Yes
878.6446, 6367.6808, 10026772.411765, Yes
881.0952, 6367.4846, 9430178.029412, Yes
885.9509, 6369.3834, 9430178.029412, Yes
