User.Time, CPU.Time, Objval, Timeout.Reached
887.6380, 6371.4429, 6772.000000, Yes
882.9215, 6373.8884, 6772.000000, Yes
885.7509, 6372.3472, 6772.000000, Yes
885.3907, 6373.2405, 6948.000000, Yes
885.1396, 6372.4754, 6772.000000, Yes
