User.Time, CPU.Time, Objval, Timeout.Reached
881.3380, 6370.2911, 7273.000000, Yes
880.6686, 6370.4550, 7273.000000, Yes
887.9341, 6373.3205, 7273.000000, Yes
887.4850, 6370.4772, 7273.000000, Yes
887.0265, 6370.6892, 7273.000000, Yes
