User.Time, CPU.Time
879.1483, 6364.4741, 6363.000000, Yes
880.6393, 6365.8906, 6363.000000, Yes
874.5315, 6364.8960, 6330.000000, Yes
883.4593, 6366.8213, 6417.000000, Yes
877.4500, 6367.0577, 6330.000000, Yes
