User.Time, CPU.Time
886.9574, 6369.4207, 30705870.545455, Yes
887.3702, 6370.7073, 30324676.090909, Yes
888.8401, 6371.2535, 30705870.545455, Yes
884.7900, 6370.2721, 30705870.545455, Yes
884.7865, 6374.4908, 30705870.545455, Yes
881.3380, 6370.2911, 7273.000000, Yes
880.6686, 6370.4550, 7273.000000, Yes
887.9341, 6373.3205, 7273.000000, Yes
887.4850, 6370.4772, 7273.000000, Yes
887.0265, 6370.6892, 7273.000000, Yes
