User.Time, CPU.Time
886.9574, 6369.4207, 30705870.545455, Yes
887.3702, 6370.7073, 30324676.090909, Yes
888.8401, 6371.2535, 30705870.545455, Yes
884.7900, 6370.2721, 30705870.545455, Yes
884.7865, 6374.4908, 30705870.545455, Yes
