User.Time, CPU.Time, Objval, Timeout.Reached
38.9443, 257.5907, 8623.000000, No
36.4560, 246.6866, 8623.000000, No
38.0484, 253.3321, 8623.000000, No
35.1421, 234.9784, 8623.000000, No
37.1821, 248.1462, 8623.000000, No
