User.Time, CPU.Time
20.7472, 122.4849, 27339700.56
21.8519, 126.3306, 27339700.56
21.5088, 125.1498, 27339700.56
24.4566, 139.8218, 27339700.56
20.2623, 120.6708, 27339700.56
38.9443, 257.5907, 8623.000000, No
36.4560, 246.6866, 8623.000000, No
38.0484, 253.3321, 8623.000000, No
35.1421, 234.9784, 8623.000000, No
37.1821, 248.1462, 8623.000000, No
