User.Time, CPU.Time, Objval, Timeout.Reached
927.2936, 6358.4951, 2402.000000, Yes
932.1556, 6356.7019, 2462.000000, Yes
926.0867, 6357.9881, 2446.000000, Yes
924.2250, 6356.3564, 2464.000000, Yes
928.3292, 6356.5610, 2445.000000, Yes
