User.Time, CPU.Time, Objval, Timeout.Reached
890.9117, 6359.1776, 5542.000000, Yes
893.8926, 6358.6161, 5542.000000, Yes
888.0153, 6361.7116, 5542.000000, Yes
889.1590, 6362.2851, 5542.000000, Yes
886.0820, 6359.8958, 5542.000000, Yes
