User.Time, CPU.Time
899.1002, 6335.6870, 5088.000000, Yes
898.1521, 6337.1459, 5044.000000, Yes
899.4745, 6336.5073, 5088.000000, Yes
897.4733, 6336.6452, 5044.000000, Yes
897.7234, 6336.7349, 5044.000000, Yes
