User.Time, CPU.Time
887.5029, 6363.9393, 4003365.918367, Yes
884.4289, 6363.2943, 4003365.918367, Yes
890.2968, 6362.1127, 4003365.918367, Yes
884.9949, 6363.1798, 4003365.918367, Yes
888.8381, 6365.9258, 3929373.061224, Yes
890.9117, 6359.1776, 5542.000000, Yes
893.8926, 6358.6161, 5542.000000, Yes
888.0153, 6361.7116, 5542.000000, Yes
889.1590, 6362.2851, 5542.000000, Yes
886.0820, 6359.8958, 5542.000000, Yes
