User.Time, CPU.Time
887.5029, 6363.9393, 4003365.918367, Yes
884.4289, 6363.2943, 4003365.918367, Yes
890.2968, 6362.1127, 4003365.918367, Yes
884.9949, 6363.1798, 4003365.918367, Yes
888.8381, 6365.9258, 3929373.061224, Yes
