User.Time, CPU.Time
881.2156, 6362.7465, 18277119.500000, Yes
885.6658, 6362.6914, 18277119.500000, Yes
883.2988, 6362.7671, 18843832.187500, Yes
880.4376, 6362.5731, 18277119.500000, Yes
881.7280, 6362.9339, 18277119.500000, Yes
