User.Time, CPU.Time
881.2156, 6362.7465, 18277119.500000, Yes
885.6658, 6362.6914, 18277119.500000, Yes
883.2988, 6362.7671, 18843832.187500, Yes
880.4376, 6362.5731, 18277119.500000, Yes
881.7280, 6362.9339, 18277119.500000, Yes
889.9153, 6359.8685, 6995.000000, Yes
892.2012, 6357.4208, 6772.000000, Yes
889.0353, 6356.5875, 6995.000000, Yes
887.7653, 6358.3351, 6772.000000, Yes
887.9676, 6356.1929, 6995.000000, Yes
