User.Time, CPU.Time, Objval, Timeout.Reached
900.7730, 6350.7745, 6372.000000, Yes
904.7192, 6352.0692, 6551.000000, Yes
900.3388, 6351.4709, 6551.000000, Yes
901.2099, 6353.0999, 6551.000000, Yes
904.3886, 6349.5510, 6551.000000, Yes
