User.Time, CPU.Time, Objval, Timeout.Reached
889.9153, 6359.8685, 6995.000000, Yes
892.2012, 6357.4208, 6772.000000, Yes
889.0353, 6356.5875, 6995.000000, Yes
887.7653, 6358.3351, 6772.000000, Yes
887.9676, 6356.1929, 6995.000000, Yes
