User.Time, CPU.Time
866.8453, 6331.1178, 8519.000000, Yes
871.5374, 6330.1098, 8675.000000, Yes
864.8491, 6330.7747, 8519.000000, Yes
869.4163, 6329.1846, 8519.000000, Yes
864.7979, 6330.5889, 8519.000000, Yes
