User.Time, CPU.Time, Objval, Timeout.Reached
872.0313, 6329.7265, 8210.000000, Yes
868.6201, 6329.3914, 8370.000000, Yes
873.0246, 6328.1520, 8426.000000, Yes
863.3220, 6330.7023, 8480.000000, Yes
872.7488, 6329.2641, 8480.000000, Yes
