User.Time, CPU.Time, Objval, Timeout.Reached
852.2562, 6327.5029, 9169354.960000, Yes
863.1230, 6327.9789, 9412769.400000, Yes
860.8516, 6326.0750, 9412769.400000, Yes
855.5943, 6327.8020, 8743937.980000, Yes
856.2101, 6327.0651, 9506562.120000, Yes
