User.Time, CPU.Time, Objval, Timeout.Reached
852.2562, 6327.5029, 9169354.960000, Yes
863.1230, 6327.9789, 9412769.400000, Yes
860.8516, 6326.0750, 9412769.400000, Yes
855.5943, 6327.8020, 8743937.980000, Yes
856.2101, 6327.0651, 9506562.120000, Yes
872.0313, 6329.7265, 8210.000000, Yes
868.6201, 6329.3914, 8370.000000, Yes
873.0246, 6328.1520, 8426.000000, Yes
863.3220, 6330.7023, 8480.000000, Yes
872.7488, 6329.2641, 8480.000000, Yes
