User.Time, CPU.Time, Objval, Timeout.Reached
893.9842, 6346.5329, 5788.000000, Yes
893.2503, 6347.9734, 5897.000000, Yes
900.6280, 6348.0687, 5897.000000, Yes
895.6581, 6349.4827, 5889.000000, Yes
894.4643, 6346.2500, 5897.000000, Yes
