User.Time, CPU.Time, Objval, Timeout.Reached
897.6995, 6355.0838, 6107.000000, Yes
904.0357, 6355.2615, 5952.000000, Yes
903.4005, 6354.1117, 5952.000000, Yes
903.6301, 6352.3913, 5983.000000, Yes
899.8857, 6354.9532, 6074.000000, Yes
