User.Time, CPU.Time, Objval, Timeout.Reached
875.4275, 6351.0654, 368906338.000000, Yes
878.6840, 6350.8666, 378257726.000000, Yes
880.0501, 6350.6625, 368906338.000000, Yes
877.4287, 6351.5222, 368906338.000000, Yes
873.0615, 6351.3887, 368906338.000000, Yes
