User.Time, CPU.Time, Objval, Timeout.Reached
875.4275, 6351.0654, 368906338.000000, Yes
878.6840, 6350.8666, 378257726.000000, Yes
880.0501, 6350.6625, 368906338.000000, Yes
877.4287, 6351.5222, 368906338.000000, Yes
873.0615, 6351.3887, 368906338.000000, Yes
897.6995, 6355.0838, 6107.000000, Yes
904.0357, 6355.2615, 5952.000000, Yes
903.4005, 6354.1117, 5952.000000, Yes
903.6301, 6352.3913, 5983.000000, Yes
899.8857, 6354.9532, 6074.000000, Yes
