User.Time, CPU.Time
867.7434, 6338.4157, 8739.000000, Yes
873.1557, 6339.7374, 8739.000000, Yes
871.3401, 6339.1504, 8739.000000, Yes
870.6605, 6340.3646, 8739.000000, Yes
871.2649, 6340.3036, 8739.000000, Yes
