User.Time, CPU.Time, Objval, Timeout.Reached
851.2573, 6329.0587, 235668852.000000, Yes
856.0077, 6329.9791, 231043482.000000, Yes
852.5644, 6327.3957, 235668852.000000, Yes
851.6929, 6327.7007, 235668852.000000, Yes
850.3440, 6327.3771, 235668852.000000, Yes
