User.Time, CPU.Time, Objval, Timeout.Reached
878.5591, 6338.5603, 9537.000000, Yes
875.4878, 6338.7616, 9537.000000, Yes
878.7140, 6341.7004, 9537.000000, Yes
879.6364, 6340.6195, 9537.000000, Yes
878.9860, 6339.8775, 9537.000000, Yes
