User.Time, CPU.Time, Objval, Timeout.Reached
851.2573, 6329.0587, 235668852.000000, Yes
856.0077, 6329.9791, 231043482.000000, Yes
852.5644, 6327.3957, 235668852.000000, Yes
851.6929, 6327.7007, 235668852.000000, Yes
850.3440, 6327.3771, 235668852.000000, Yes
878.5591, 6338.5603, 9537.000000, Yes
875.4878, 6338.7616, 9537.000000, Yes
878.7140, 6341.7004, 9537.000000, Yes
879.6364, 6340.6195, 9537.000000, Yes
878.9860, 6339.8775, 9537.000000, Yes
