User.Time, CPU.Time, Objval, Timeout.Reached
875.8493, 6357.5210, 7403.000000, Yes
874.3699, 6358.7848, 7403.000000, Yes
877.9588, 6357.1742, 7403.000000, Yes
880.6827, 6358.1113, 7403.000000, Yes
880.0383, 6356.7564, 7458.000000, Yes
