User.Time, CPU.Time, Objval, Timeout.Reached
877.1502, 6361.6994, 409133522.000000, Yes
873.5821, 6360.0563, 418688228.000000, Yes
875.9984, 6361.5904, 411913992.000000, Yes
872.1070, 6360.1806, 418688228.000000, Yes
869.5511, 6360.2198, 411913992.000000, Yes
877.3683, 6368.8479, 7867.000000, Yes
871.9419, 6369.5101, 7867.000000, Yes
872.6698, 6359.8918, 7867.000000, Yes
884.6936, 6363.8431, 7867.000000, Yes
874.3261, 6365.2453, 7867.000000, Yes
