User.Time, CPU.Time, Objval, Timeout.Reached
877.1502, 6361.6994, 409133522.000000, Yes
873.5821, 6360.0563, 418688228.000000, Yes
875.9984, 6361.5904, 411913992.000000, Yes
872.1070, 6360.1806, 418688228.000000, Yes
869.5511, 6360.2198, 411913992.000000, Yes
