User.Time, CPU.Time, Objval, Timeout.Reached
877.3683, 6368.8479, 7867.000000, Yes
871.9419, 6369.5101, 7867.000000, Yes
872.6698, 6359.8918, 7867.000000, Yes
884.6936, 6363.8431, 7867.000000, Yes
874.3261, 6365.2453, 7867.000000, Yes
