User.Time, CPU.Time, Objval, Timeout.Reached
860.6664, 6334.4139, 165336553.500000, Yes
863.4060, 6334.2002, 165336553.500000, Yes
856.5028, 6333.8538, 165336553.500000, Yes
859.9465, 6334.2359, 165336553.500000, Yes
866.5667, 6334.7850, 165336553.500000, Yes
856.0939, 6333.0428, 9463.000000, Yes
863.9577, 6333.4193, 9904.000000, Yes
858.7876, 6333.7312, 10205.000000, Yes
858.2313, 6331.7049, 9463.000000, Yes
861.7765, 6334.0066, 9463.000000, Yes
