User.Time, CPU.Time, Objval, Timeout.Reached
856.0939, 6333.0428, 9463.000000, Yes
863.9577, 6333.4193, 9904.000000, Yes
858.7876, 6333.7312, 10205.000000, Yes
858.2313, 6331.7049, 9463.000000, Yes
861.7765, 6334.0066, 9463.000000, Yes
