User.Time, CPU.Time, Objval, Timeout.Reached
860.6664, 6334.4139, 165336553.500000, Yes
863.4060, 6334.2002, 165336553.500000, Yes
856.5028, 6333.8538, 165336553.500000, Yes
859.9465, 6334.2359, 165336553.500000, Yes
866.5667, 6334.7850, 165336553.500000, Yes
